timestamp,price
2018-01-01 00,13529.360591314464
2018-01-01 01,13623.181015733615
2018-01-01 02,13742.844248605965
2018-01-01 03,13558.050969869806
2018-01-01 04,13548.76841152776
2018-01-01 05,13543.115039609744
2018-01-01 06,13283.419076847082
2018-01-01 07,13287.461664324817
2018-01-01 08,13144.300798693024
2018-01-01 09,13051.295820578354
2018-01-01 10,13286.679279646118
2018-01-01 11,13145.195697916111
2018-01-01 12,13182.599730870303
2018-01-01 13,13210.196159798841
2018-01-01 14,13249.604886195846
2018-01-01 15,13463.719367740778
2018-01-01 16,13613.018010974927
2018-01-01 17,13582.570670387728
2018-01-01 18,13480.716852981845
2018-01-01 19,13752.97441622389
2018-01-01 20,13798.19664841964
2018-01-01 21,13550.554617609276
2018-01-01 22,13402.028675421701
2018-01-01 23,13213.462111971618
2018-01-02 00,13199.361110502161
2018-01-02 01,13298.376156880766
2018-01-02 02,13367.429586413316
2018-01-02 03,13476.312900112807
2018-01-02 04,13585.384993523687
2018-01-02 05,13703.751971425265
2018-01-02 06,13635.269705923345
2018-01-02 07,13653.016816402893
2018-01-02 08,13855.456917729622
2018-01-02 09,13900.442228581522
2018-01-02 10,13765.72156484567
2018-01-02 11,13814.16156510817
2018-01-02 12,13800.626137732888
2018-01-02 13,14371.844509245017
2018-01-02 14,14913.371331828255
2018-01-02 15,15018.508331302624
2018-01-02 16,14824.027525195048
2018-01-02 17,14908.540701874652
2018-01-02 18,14797.849447800354
2018-01-02 19,14872.155738174915
2018-01-02 20,14871.38333441123
2018-01-02 21,14941.235518991356
2018-01-02 22,15068.63522964944
2018-01-02 23,15059.193916135544
2018-01-03 00,15110.31224274465
2018-01-03 01,15203.086603727474
2018-01-03 02,15332.127884409347
2018-01-03 03,15209.199921616311
2018-01-03 04,14977.772911904443
2018-01-03 05,14755.228068959965
2018-01-03 06,14822.113961405596
2018-01-03 07,14845.205310715715
2018-01-03 08,14829.645105336305
2018-01-03 09,15006.957070597933
2018-01-03 10,15040.149239808605
2018-01-03 11,15151.535484279953
2018-01-03 12,15074.594399533973
2018-01-03 13,14903.19653398422
2018-01-03 14,14865.187183061144
2018-01-03 15,14864.93127136284
2018-01-03 16,15010.25910208216
2018-01-03 17,15005.128485318555
2018-01-03 18,14970.510298616395
2018-01-03 19,15095.980591158126
2018-01-03 20,15163.624819887555
2018-01-03 21,15344.361295617564
2018-01-03 22,15239.295006805529
2018-01-03 23,15007.59180109286
2018-01-04 00,14954.880683409832
2018-01-04 01,15071.127371255965
2018-01-04 02,14952.562791392007
2018-01-04 03,14683.534076715072
2018-01-04 04,14493.644752374677
2018-01-04 05,14596.22811465434
2018-01-04 06,14494.515723362503
2018-01-04 07,14548.539220321923
2018-01-04 08,14573.815222903355
2018-01-04 09,14622.507203873287
2018-01-04 10,14612.575820843753
2018-01-04 11,14580.605229269151
2018-01-04 12,14694.032247487004
2018-01-04 13,14843.041623680685
2018-01-04 14,14888.82446212208
2018-01-04 15,15004.13797524453
2018-01-04 16,14960.251768027772
2018-01-04 17,14951.0034903116
2018-01-04 18,15036.954503741945
2018-01-04 19,15053.181511540293
2018-01-04 20,15065.709206397747
2018-01-04 21,15129.611975665684
2018-01-04 22,15014.152152663622
2018-01-04 23,14934.582750182275
2018-01-05 00,14949.977948995594
2018-01-05 01,14992.738156134981
2018-01-05 02,14913.166534609918
2018-01-05 03,15137.07728058039
2018-01-05 04,15709.932630150885
2018-01-05 05,15951.199470346464
2018-01-05 06,15950.525747714079
2018-01-05 07,15871.676821211642
2018-01-05 08,15946.4003532894
2018-01-05 09,16009.462118451178
2018-01-05 10,15982.829886731868
2018-01-05 11,16235.492225576729
2018-01-05 12,16403.99173468551
2018-01-05 13,16444.824630737967
2018-01-05 14,16359.325067478396
2018-01-05 15,16414.460640448764
2018-01-05 16,16782.090918559126
2018-01-05 17,16859.848640212156
2018-01-05 18,17024.89711125771
2018-01-05 19,16767.379200693707
2018-01-05 20,16926.431057008303
2018-01-05 21,16799.448181897984
2018-01-05 22,16622.376781360308
2018-01-05 23,16518.025295364485
2018-01-06 00,16576.214051227656
2018-01-06 01,16624.981846506365
2018-01-06 02,16489.809917797054
2018-01-06 03,16484.79231391318
2018-01-06 04,16432.143535017716
2018-01-06 05,16510.97003511527
2018-01-06 06,16594.982932203322
2018-01-06 07,16414.142404730497
2018-01-06 08,16314.335000577577
2018-01-06 09,16430.846618506817
2018-01-06 10,16569.165492320706
2018-01-06 11,16678.02803240653
2018-01-06 12,16822.172399518553
2018-01-06 13,16888.611095557324
2018-01-06 14,16760.034249513636
2018-01-06 15,16786.666663907934
2018-01-06 16,16806.053526211792
2018-01-06 17,17031.39107884091
2018-01-06 18,17088.944761201852
2018-01-06 19,17009.700641305288
2018-01-06 20,16965.777545221077
2018-01-06 21,16914.316393216734
2018-01-06 22,16764.498161043546
2018-01-06 23,16695.899452885093
2018-01-07 00,16680.594640133993
2018-01-07 01,16504.020293173493
2018-01-07 02,16569.024010563306
2018-01-07 03,16772.563782379188
2018-01-07 04,16697.6765538765
2018-01-07 05,16699.74052452034
2018-01-07 06,16688.837160889747
2018-01-07 07,16545.100796493138
2018-01-07 08,16461.656572065873
2018-01-07 09,16552.874374262607
2018-01-07 10,16533.78260611953
2018-01-07 11,16294.448669924246
2018-01-07 12,16057.253200206262
2018-01-07 13,15969.805455831944
2018-01-07 14,16153.689081237719
2018-01-07 15,16089.964934488626
2018-01-07 16,16248.509243757151
2018-01-07 17,16376.278486991063
2018-01-07 18,16291.0682199727
2018-01-07 19,16155.531210904928
2018-01-07 20,15903.976397104925
2018-01-07 21,15983.142302094733
2018-01-07 22,15691.985317366883
2018-01-07 23,15727.67820278508
2018-01-08 00,15797.443798948661
2018-01-08 01,15850.572081872251
2018-01-08 02,15897.126915898716
2018-01-08 03,15671.388275983718
2018-01-08 04,15389.935239793815
2018-01-08 05,15324.145220590786
2018-01-08 06,15459.045409920023
2018-01-08 07,15421.781855918425
2018-01-08 08,14960.006846580582
2018-01-08 09,14668.214177560401
2018-01-08 10,14504.72589913042
2018-01-08 11,14798.423973098399
2018-01-08 12,14845.12093794857
2018-01-08 13,15008.503877350811
2018-01-08 14,15083.164334532841
2018-01-08 15,14889.239397155456
2018-01-08 16,14986.687722790115
2018-01-08 17,14848.647315553219
2018-01-08 18,14857.327450545376
2018-01-08 19,15026.201368439193
2018-01-08 20,15192.548723698756
2018-01-08 21,15225.718028372976
2018-01-08 22,15274.118020986436
2018-01-08 23,15316.31887059884
2018-01-09 00,15184.926334405705
2018-01-09 01,15015.212873999217
2018-01-09 02,15103.244332770248
2018-01-09 03,15189.746372536654
2018-01-09 04,15098.39502129429
2018-01-09 05,14715.163181226739
2018-01-09 06,14737.11176581311
2018-01-09 07,14794.776399565468
2018-01-09 08,14486.188683048827
2018-01-09 09,14419.943426686732
2018-01-09 10,14678.99228274562
2018-01-09 11,14829.770508955513
2018-01-09 12,14914.874976260733
2018-01-09 13,14953.711993473073
2018-01-09 14,14809.686546858398
2018-01-09 15,14747.232875622576
2018-01-09 16,14711.742008386815
2018-01-09 17,14535.83366337591
2018-01-09 18,14381.602237808696
2018-01-09 19,14195.596889701903
2018-01-09 20,14224.255007936508
2018-01-09 21,14278.148839819225
2018-01-09 22,14296.420469705876
2018-01-09 23,14233.788716335188
2018-01-10 00,14224.298998652737
2018-01-10 01,14263.93757058088
2018-01-10 02,14209.469622122844
2018-01-10 03,13776.69268006788
2018-01-10 04,13762.783445394247
2018-01-10 05,13932.585552747927
2018-01-10 06,14014.101098575142
2018-01-10 07,14067.107463258775
2018-01-10 08,13985.085722879765
2018-01-10 09,13788.033868835588
2018-01-10 10,14144.33080537853
2018-01-10 11,14541.122838767784
2018-01-10 12,14465.81545374684
2018-01-10 13,14585.265940549521
2018-01-10 14,14398.674066328518
2018-01-10 15,14375.932770913541
2018-01-10 16,14492.750164599538
2018-01-10 17,14441.104085301731
2018-01-10 18,14616.592351403886
2018-01-10 19,14780.929003338206
2018-01-10 20,14572.460371953259
2018-01-10 21,14447.121637824224
2018-01-10 22,13745.690162971468
2018-01-10 23,13200.29349314461
2018-01-11 00,13435.553785747805
2018-01-11 01,13469.44162827423
2018-01-11 02,13524.979975125276
2018-01-11 03,13800.668611278063
2018-01-11 04,13654.525573693194
2018-01-11 05,13468.348048014144
2018-01-11 06,13325.844216444288
2018-01-11 07,13705.307276476862
2018-01-11 08,13736.179088065912
2018-01-11 09,13699.68834631043
2018-01-11 10,14060.724017940067
2018-01-11 11,14036.012938398091
2018-01-11 12,13765.416890524446
2018-01-11 13,13763.153969887055
2018-01-11 14,13561.332453477102
2018-01-11 15,13406.173060255138
2018-01-11 16,13357.484902444188
2018-01-11 17,13284.107712782048
2018-01-11 18,13124.708202662649
2018-01-11 19,13076.421547755177
2018-01-11 20,13248.422874590478
2018-01-11 21,13459.38425852199
2018-01-11 22,13549.707158799276
2018-01-11 23,13620.237944326786
2018-01-12 00,13605.488580813912
2018-01-12 01,13697.964629671993
2018-01-12 02,13712.640316850873
2018-01-12 03,13600.514103776217
2018-01-12 04,13490.760606713664
2018-01-12 05,13825.674326081498
2018-01-12 06,13995.223849120915
2018-01-12 07,13961.23617179034
2018-01-12 08,13970.66988015458
2018-01-12 09,13851.292077831155
2018-01-12 10,13772.829671851754
2018-01-12 11,13560.85738613877
2018-01-12 12,13593.430916023477
2018-01-12 13,13534.151779846963
2018-01-12 14,13643.302531749805
2018-01-12 15,13835.73297059456
2018-01-12 16,13770.220626850278
2018-01-12 17,13676.01736777935
2018-01-12 18,13756.01146421117
2018-01-12 19,13955.215096286543
2018-01-12 20,14188.536265621407
2018-01-12 21,14159.555475240959
2018-01-12 22,14064.510029932511
2018-01-12 23,14130.467373343306
2018-01-13 00,14222.708543262452
2018-01-13 01,14151.725614102801
2018-01-13 02,14308.534823002059
2018-01-13 03,14295.835240648154
2018-01-13 04,14158.411297421517
2018-01-13 05,14191.258200684324
2018-01-13 06,14194.495403527793
2018-01-13 07,14279.139566887017
2018-01-13 08,14406.196413113046
2018-01-13 09,14395.70953426703
2018-01-13 10,14260.861103726833
2018-01-13 11,14324.053811420576
2018-01-13 12,14276.923999301338
2018-01-13 13,14281.17803689051
2018-01-13 14,14167.51750626332
2018-01-13 15,14159.417772400178
2018-01-13 16,14160.268699371507
2018-01-13 17,14224.823482083728
2018-01-13 18,14222.23144268225
2018-01-13 19,14210.531923959745
2018-01-13 20,14281.193939342413
2018-01-13 21,14229.17945132226
2018-01-13 22,14205.773332963825
2018-01-13 23,14019.211245944422
2018-01-14 00,13742.65601589723
2018-01-14 01,13832.90790734919
2018-01-14 02,13789.475682601354
2018-01-14 03,13745.367365916929
2018-01-14 04,13549.196095019799
2018-01-14 05,13597.097200428232
2018-01-14 06,13550.715099719933
2018-01-14 07,13443.170211734145
2018-01-14 08,13543.049935348181
2018-01-14 09,13570.101953546813
2018-01-14 10,13296.442453664149
2018-01-14 11,13289.245329181178
2018-01-14 12,13428.702010724488
2018-01-14 13,13586.428982785541
2018-01-14 14,13535.02872727909
2018-01-14 15,13433.321323465174
2018-01-14 16,13468.901594119061
2018-01-14 17,13511.46793151591
2018-01-14 18,13680.09852826155
2018-01-14 19,13678.6506070316
2018-01-14 20,13697.706475617251
2018-01-14 21,13555.028084995178
2018-01-14 22,13491.548831940345
2018-01-14 23,13590.00677728521
2018-01-15 00,13578.487594906936
2018-01-15 01,13712.40279639408
2018-01-15 02,13694.218859724462
2018-01-15 03,13610.8817414925
2018-01-15 04,13635.649096370658
2018-01-15 05,13716.904903262379
2018-01-15 06,13675.391658185348
2018-01-15 07,13847.792857604365
2018-01-15 08,14128.77259635135
2018-01-15 09,14193.485091357104
2018-01-15 10,14052.834880751263
2018-01-15 11,14041.568534194674
2018-01-15 12,14007.699654656575
2018-01-15 13,13907.162884944168
2018-01-15 14,13866.713323409102
2018-01-15 15,13864.048463533074
2018-01-15 16,13809.283334254565
2018-01-15 17,13862.881194528018
2018-01-15 18,13628.293747377873
2018-01-15 19,13348.342782342768
2018-01-15 20,13098.702756567815
2018-01-15 21,13023.464797635255
2018-01-15 22,13016.657722860755
2018-01-15 23,12992.144576050861
2018-01-16 00,13046.592780894767
2018-01-16 01,13121.891606042107
2018-01-16 02,12970.746302111555
2018-01-16 03,12216.0655107288
2018-01-16 04,11862.404237806153
2018-01-16 05,11829.766059610356
2018-01-16 06,12173.29531156369
2018-01-16 07,12280.367089139438
2018-01-16 08,11946.098959243769
2018-01-16 09,11909.142443528472
2018-01-16 10,12179.83814100808
2018-01-16 11,12169.57585258981
2018-01-16 12,11680.109877473868
2018-01-16 13,11351.080588448482
2018-01-16 14,11702.661458077948
2018-01-16 15,11424.363319311804
2018-01-16 16,10760.676888169426
2018-01-16 17,10578.862414418234
2018-01-16 18,11201.406626181093
2018-01-16 19,11572.278430623925
2018-01-16 20,11409.587094132305
2018-01-16 21,11234.284882739074
2018-01-16 22,10830.448031168959
2018-01-16 23,11001.240489795604
2018-01-17 00,11086.328864633753
2018-01-17 01,11335.097228508223
2018-01-17 02,11241.05240640866
2018-01-17 03,10990.655683251856
2018-01-17 04,10763.3246314438
2018-01-17 05,10361.772051689855
2018-01-17 06,10358.421210663837
2018-01-17 07,10470.862263219693
2018-01-17 08,10292.09946771745
2018-01-17 09,9726.586097759133
2018-01-17 10,9443.086546510029
2018-01-17 11,9936.920864866506
2018-01-17 12,10204.374916935469
2018-01-17 13,9915.196575637923
2018-01-17 14,10216.438485253739
2018-01-17 15,10739.989393612661
2018-01-17 16,11026.099263866732
2018-01-17 17,11360.654220781196
2018-01-17 18,11087.295656574914
2018-01-17 19,11060.564952738188
2018-01-17 20,11403.765299943108
2018-01-17 21,11651.850409195922
2018-01-17 22,11580.741110833374
2018-01-17 23,11335.689236900775
2018-01-18 00,11044.210878379281
2018-01-18 01,11204.522247164574
2018-01-18 02,10931.019438127289
2018-01-18 03,10867.266316036701
2018-01-18 04,11211.985673138293
2018-01-18 05,11271.75653490399
2018-01-18 06,11548.752968701576
2018-01-18 07,11803.62921095562
2018-01-18 08,11738.013414459547
2018-01-18 09,11805.75515942546
2018-01-18 10,12002.803084908852
2018-01-18 11,11805.472825671271
2018-01-18 12,11751.066724000093
2018-01-18 13,11680.95167325875
2018-01-18 14,11725.839906272915
2018-01-18 15,11866.339140399336
2018-01-18 16,11661.625309103938
2018-01-18 17,11350.15827234556
2018-01-18 18,11246.907206463373
2018-01-18 19,11420.805683458866
2018-01-18 20,11528.490159775622
2018-01-18 21,11312.657685807322
2018-01-18 22,11143.554945725606
2018-01-18 23,11265.451522431455
2018-01-19 00,11409.031870037874
2018-01-19 01,11497.619699000146
2018-01-19 02,11452.388221033694
2018-01-19 03,11648.599357597057
2018-01-19 04,11719.989688172553
2018-01-19 05,11782.252831098913
2018-01-19 06,11766.406742692121
2018-01-19 07,11853.721031865585
2018-01-19 08,11839.004767402792
2018-01-19 09,11660.75773082974
2018-01-19 10,11539.438168070008
2018-01-19 11,11652.986898225563
2018-01-19 12,11426.530489088022
2018-01-19 13,11236.266782026387
2018-01-19 14,11251.684363465047
2018-01-19 15,11314.923465275153
2018-01-19 16,11445.89120984375
2018-01-19 17,11320.397253480869
2018-01-19 18,11393.833439210304
2018-01-19 19,11563.018577581712
2018-01-19 20,11643.90860577367
2018-01-19 21,11648.714763376147
2018-01-19 22,11755.443601694764
2018-01-19 23,11843.834094845999
2018-01-20 00,12395.182311355784
2018-01-20 01,12476.53026951461
2018-01-20 02,12488.735506886445
2018-01-20 03,12545.242392492994
2018-01-20 04,12595.375909689052
2018-01-20 05,12482.890322211857
2018-01-20 06,12445.251534097019
2018-01-20 07,12378.030495088551
2018-01-20 08,12539.329937898614
2018-01-20 09,12578.67041936741
2018-01-20 10,12555.315111759537
2018-01-20 11,12691.220455310713
2018-01-20 12,12830.799875565865
2018-01-20 13,12886.030640015848
2018-01-20 14,12817.797737521367
2018-01-20 15,12723.178101702237
2018-01-20 16,12803.52936273184
2018-01-20 17,12873.526190524428
2018-01-20 18,12776.329523188857
2018-01-20 19,12546.493997723303
2018-01-20 20,12465.853855001282
2018-01-20 21,12522.130959656171
2018-01-20 22,12577.4297239433
2018-01-20 23,12397.998788011908
2018-01-21 00,12169.708255403259
2018-01-21 01,12092.94632943342
2018-01-21 02,11877.032847587077
2018-01-21 03,11960.141525355348
2018-01-21 04,11774.157134564623
2018-01-21 05,11831.904550750698
2018-01-21 06,11992.694539492479
2018-01-21 07,12125.191817738607
2018-01-21 08,12120.320472742653
2018-01-21 09,11854.823067844423
2018-01-21 10,11735.044098554614
2018-01-21 11,11380.655111353852
2018-01-21 12,11363.793147946339
2018-01-21 13,11391.119748664718
2018-01-21 14,11534.667452560012
2018-01-21 15,11265.951596549236
2018-01-21 16,11267.20943486405
2018-01-21 17,11346.239623135403
2018-01-21 18,11383.601145289898
2018-01-21 19,11575.387456151164
2018-01-21 20,11504.141662353728
2018-01-21 21,11380.57341733933
2018-01-21 22,11479.058819940554
2018-01-21 23,11637.658451875835
2018-01-22 00,11480.023263603975
2018-01-22 01,11570.4874330643
2018-01-22 02,11647.033303256783
2018-01-22 03,11753.878004394719
2018-01-22 04,11733.459565680447
2018-01-22 05,11675.432557757706
2018-01-22 06,11528.697649862177
2018-01-22 07,11281.82198287291
2018-01-22 08,10725.739552442608
2018-01-22 09,10695.148746405235
2018-01-22 10,10502.597025296038
2018-01-22 11,10500.718367954714
2018-01-22 12,10640.826900377704
2018-01-22 13,10550.057976013377
2018-01-22 14,10510.478012841111
2018-01-22 15,10454.465295665525
2018-01-22 16,10186.147044145117
2018-01-22 17,10460.317377785055
2018-01-22 18,10704.137298533798
2018-01-22 19,10758.212409390633
2018-01-22 20,10819.613794039058
2018-01-22 21,10745.630563903815
2018-01-22 22,10871.322407174552
2018-01-22 23,10795.789243556528
2018-01-23 00,10408.160727894418
2018-01-23 01,10414.493958861094
2018-01-23 02,10287.058325854437
2018-01-23 03,10478.3655248253
2018-01-23 04,10589.282026506333
2018-01-23 05,10398.370908045437
2018-01-23 06,10185.272599176322
2018-01-23 07,10233.989606033603
2018-01-23 08,10283.289363191143
2018-01-23 09,10313.169686773515
2018-01-23 10,10590.05693705256
2018-01-23 11,11068.068913096142
2018-01-23 12,11182.95385486064
2018-01-23 13,11214.12844301805
2018-01-23 14,11068.275080794983
2018-01-23 15,11014.259337664982
2018-01-23 16,11000.92113910369
2018-01-23 17,11081.820203660263
2018-01-23 18,10874.067337446077
2018-01-23 19,10722.886214020642
2018-01-23 20,10678.812583389406
2018-01-23 21,10672.294562074227
2018-01-23 22,10793.809985403555
2018-01-23 23,10612.726706672693
2018-01-24 00,10673.015556853832
2018-01-24 01,10810.684548575648
2018-01-24 02,10967.961386116296
2018-01-24 03,10905.253674708454
2018-01-24 04,10838.531817512847
2018-01-24 05,11028.517398378664
2018-01-24 06,10995.878527422747
2018-01-24 07,11203.64783438834
2018-01-24 08,11238.685361931832
2018-01-24 09,11308.082193587194
2018-01-24 10,11175.88500720228
2018-01-24 11,11003.254199202325
2018-01-24 12,10969.444072327182
2018-01-24 13,11061.636901378322
2018-01-24 14,11103.626620315239
2018-01-24 15,11152.922560688801
2018-01-24 16,11179.451876515419
2018-01-24 17,11137.910070452703
2018-01-24 18,11199.225872576657
2018-01-24 19,11314.835315576598
2018-01-24 20,11376.45791859179
2018-01-24 21,11468.277416878676
2018-01-24 22,11561.789613461855
2018-01-24 23,11478.060466550434
2018-01-25 00,11471.843027984643
2018-01-25 01,11483.547212422967
2018-01-25 02,11427.139941802923
2018-01-25 03,11293.634591930713
2018-01-25 04,11202.040783368708
2018-01-25 05,11290.832083042349
2018-01-25 06,11230.032708178083
2018-01-25 07,11096.865752346976
2018-01-25 08,11147.931790767327
2018-01-25 09,11201.163378742278
2018-01-25 10,11044.15121005537
2018-01-25 11,11004.897064632762
2018-01-25 12,10945.02198044005
2018-01-25 13,11152.179390395799
2018-01-25 14,11208.077334226846
2018-01-25 15,11280.110967306284
2018-01-25 16,11207.419204261056
2018-01-25 17,11224.901776185867
2018-01-25 18,11124.451528105144
2018-01-25 19,11215.79177668818
2018-01-25 20,11289.050425551497
2018-01-25 21,11473.460321503866
2018-01-25 22,11492.441822265355
2018-01-25 23,11409.649200359145
2018-01-26 00,11360.88930585145
2018-01-26 01,11310.699164766598
2018-01-26 02,11177.628602561676
2018-01-26 03,10740.815296431307
2018-01-26 04,10524.45759541821
2018-01-26 05,10545.708433407848
2018-01-26 06,10511.159606250714
2018-01-26 07,10549.71605457454
2018-01-26 08,10664.757205219306
2018-01-26 09,10719.636621915663
2018-01-26 10,10917.425247611074
2018-01-26 11,11140.238528054198
2018-01-26 12,11059.98710197871
2018-01-26 13,11038.549839335854
2018-01-26 14,10970.796852071411
2018-01-26 15,10985.717494102184
2018-01-26 16,10882.59361893755
2018-01-26 17,10842.5408859746
2018-01-26 18,10962.12987496659
2018-01-26 19,11100.85469849555
2018-01-26 20,10971.423663054657
2018-01-26 21,11036.262927610811
2018-01-26 22,11052.21045649428
2018-01-26 23,11063.57836746589
2018-01-27 00,11111.446512680426
2018-01-27 01,11261.77390125088
2018-01-27 02,11140.52914812801
2018-01-27 03,11132.777941534401
2018-01-27 04,11134.19650224652
2018-01-27 05,11178.703463726253
2018-01-27 06,10957.22778186673
2018-01-27 07,10950.75571248222
2018-01-27 08,11010.658248717697
2018-01-27 09,10978.343775161617
2018-01-27 10,11218.978465732944
2018-01-27 11,11380.506809930563
2018-01-27 12,11393.827293470988
2018-01-27 13,11340.51649693421
2018-01-27 14,11368.35881529455
2018-01-27 15,11457.731570949994
2018-01-27 16,11407.634327815285
2018-01-27 17,11398.174177008887
2018-01-27 18,11292.554119672053
2018-01-27 19,11360.94928295516
2018-01-27 20,11308.511444489466
2018-01-27 21,11290.436827826925
2018-01-27 22,11311.292928263107
2018-01-27 23,11396.256089794044
2018-01-28 00,11556.020887059289
2018-01-28 01,11617.733849298456
2018-01-28 02,11608.991408488258
2018-01-28 03,11548.088837205314
2018-01-28 04,11500.109419684635
2018-01-28 05,11427.653194754766
2018-01-28 06,11395.702429571544
2018-01-28 07,11412.789712350244
2018-01-28 08,11293.459305046372
2018-01-28 09,11351.175986111144
2018-01-28 10,11393.054374291421
2018-01-28 11,11378.23448744966
2018-01-28 12,11401.756842725072
2018-01-28 13,11410.256118492904
2018-01-28 14,11377.05128892184
2018-01-28 15,11428.400896977319
2018-01-28 16,11475.061808236387
2018-01-28 17,11518.797118222856
2018-01-28 18,11522.593101749246
2018-01-28 19,11537.826032363184
2018-01-28 20,11369.990398253927
2018-01-28 21,11240.517745511224
2018-01-28 22,11267.55863189133
2018-01-28 23,11279.464241605298
2018-01-29 00,11242.302704292773
2018-01-29 01,11106.748901552946
2018-01-29 02,11059.982028582823
2018-01-29 03,11067.491820057878
2018-01-29 04,11061.960395735216
2018-01-29 05,11078.819583520704
2018-01-29 06,10950.982595073438
2018-01-29 07,10907.875050311739
2018-01-29 08,10946.792047662386
2018-01-29 09,11088.41706419228
2018-01-29 10,11039.214851026178
2018-01-29 11,11064.86236195791
2018-01-29 12,11123.009578286432
2018-01-29 13,11155.31158625704
2018-01-29 14,11151.821753886708
2018-01-29 15,11132.265224145265
2018-01-29 16,11149.64189558441
2018-01-29 17,11087.53323589271
2018-01-29 18,11098.421493228674
2018-01-29 19,11130.05310750325
2018-01-29 20,11005.190267763708
2018-01-29 21,10926.69749262086
2018-01-29 22,10874.27804326276
2018-01-29 23,10964.05698323098
2018-01-30 00,10950.790950369223
2018-01-30 01,10951.826082190093
2018-01-30 02,10920.353341787451
2018-01-30 03,10983.038323898725
2018-01-30 04,10893.39193033024
2018-01-30 05,10835.454778492925
2018-01-30 06,10874.339720008284
2018-01-30 07,10911.495331492662
2018-01-30 08,10591.385194692684
2018-01-30 09,10502.280216822583
2018-01-30 10,10340.915528520456
2018-01-30 11,10366.381533013406
2018-01-30 12,10344.881500061161
2018-01-30 13,9963.463870886038
2018-01-30 14,10058.765387676109
2018-01-30 15,10068.030693767789
2018-01-30 16,10067.048779300045
2018-01-30 17,10165.755823343805
2018-01-30 18,9982.163955877188
2018-01-30 19,9835.06336897726
2018-01-30 20,9710.1249049306
2018-01-30 21,9863.137881691444
2018-01-30 22,9906.945544800992
2018-01-30 23,9798.000715698627
2018-01-31 00,9792.053740261712
2018-01-31 01,9956.028121477599
2018-01-31 02,10076.783604308588
2018-01-31 03,10139.260604321295
2018-01-31 04,10031.75396383202
2018-01-31 05,10097.890466109644
2018-01-31 06,10155.01323955347
2018-01-31 07,10233.927160039477
2018-01-31 08,10162.475531809961
2018-01-31 09,9976.167614794558
2018-01-31 10,9923.659677293776
2018-01-31 11,9872.925091782337
2018-01-31 12,9983.484235880791
2018-01-31 13,9989.177750801371
2018-01-31 14,9949.162190813955
2018-01-31 15,9994.59616672937
2018-01-31 16,9959.717269617331
2018-01-31 17,9987.564605932643
2018-01-31 18,10027.9571235056
2018-01-31 19,10118.255650613217
2018-01-31 20,10100.874230588248
2018-01-31 21,10101.18596932986
2018-01-31 22,9979.972188320702
2018-01-31 23,9963.167572728176
2018-02-01 03,9848.486668840815
2018-02-01 04,9716.654165087806
2018-02-01 05,9484.041814860622
2018-02-01 06,9519.738754551965
2018-02-01 07,9345.181837009764
2018-02-01 08,9216.432147725083
2018-02-01 09,9319.402576667988
2018-02-01 10,9278.92764733924
2018-02-01 11,9026.288992526112
2018-02-01 12,8960.724519074889
2018-02-01 13,8984.440089217796
2018-02-01 14,8786.24524519374
2018-02-01 15,8762.477728457745
2018-02-01 16,9106.682983637638
2018-02-01 17,8998.522450343673
2018-02-01 18,9016.798279745668
2018-02-01 19,8801.088672008711
2018-02-01 20,8653.660316624695
2018-02-01 21,8670.762721840461
2018-02-01 22,8795.94679553099
2018-02-01 23,8618.265828873095
2018-02-02 00,8559.731358490082
2018-02-02 01,8434.514873181264
2018-02-02 02,8516.490715909464
2018-02-02 03,8331.237889941367
2018-02-02 04,8264.524336288529
2018-02-02 05,8157.4784411063
2018-02-02 06,8019.852310647024
2018-02-02 07,7798.936085478877
2018-02-02 08,8489.623930439759
2018-02-02 09,8664.900124218397
2018-02-02 10,8757.319474525655
2018-02-02 11,8965.82282316584
2018-02-02 12,8796.099785959015
2018-02-02 13,8621.642436612567
2018-02-02 14,8532.342346587619
2018-02-02 15,8629.051364378414
2018-02-02 16,8552.792425438362
2018-02-02 17,8684.48987782285
2018-02-02 18,8789.122800424138
2018-02-02 19,8747.981463139427
2018-02-02 20,8587.952050201304
2018-02-02 21,8589.59611132311
2018-02-02 22,8267.77886109567
2018-02-02 23,8314.767591717227
2018-02-03 00,8341.568022425225
2018-02-03 01,8494.847923229678
2018-02-03 02,8620.089817561366
2018-02-03 03,8716.034050375489
2018-02-03 04,8877.365269901204
2018-02-03 05,8786.060922023291
2018-02-03 06,8886.61966121583
2018-02-03 07,8989.29450230727
2018-02-03 08,9111.491327683387
2018-02-03 09,9325.754132929207
2018-02-03 10,9363.163270846015
2018-02-03 11,9190.068529049897
2018-02-03 12,9290.81321132584
2018-02-03 13,9256.50912409206
2018-02-03 14,9350.361189387475
2018-02-03 15,9379.477382669764
2018-02-03 16,9213.559737260864
2018-02-03 17,9119.409717275246
2018-02-03 18,9121.470683837837
2018-02-03 19,9140.3473797802
2018-02-03 20,9074.504208433304
2018-02-03 21,9024.295347702751
2018-02-03 22,9151.861235793463
2018-02-03 23,9108.358975772395
2018-02-04 00,9169.023863882945
2018-02-04 01,9302.160476312072
2018-02-04 02,9199.180680853808
2018-02-04 03,9109.61272164342
2018-02-04 04,8878.968984407185
2018-02-04 05,8778.324873085834
2018-02-04 06,8861.005254322934
2018-02-04 07,8592.471093638844
2018-02-04 08,8720.318203999122
2018-02-04 09,8780.96572251009
2018-02-04 10,8479.777406663043
2018-02-04 11,8379.892486854513
2018-02-04 12,8484.19311684042
2018-02-04 13,8390.10709518379
2018-02-04 14,8228.185003714376
2018-02-04 15,8009.895749342862
2018-02-04 16,8138.414371767642
2018-02-04 17,8266.918893606946
2018-02-04 18,8290.839547892936
2018-02-04 19,8260.101275572122
2018-02-04 20,8042.8197840038665
2018-02-04 21,7991.487641867101
2018-02-04 22,8143.6304958855535
2018-02-04 23,8136.8499158394225
2018-02-05 00,8281.982777993346
2018-02-05 01,8204.360710903158
2018-02-05 02,7994.899067581401
2018-02-05 03,7879.022259413725
2018-02-05 04,7923.408394103918
2018-02-05 05,7807.177825296549
2018-02-05 06,7635.908374712984
2018-02-05 07,7645.234286649131
2018-02-05 08,7663.081688599734
2018-02-05 09,7426.534881184536
2018-02-05 10,7299.324834547921
2018-02-05 11,7358.866377563982
2018-02-05 12,7186.634715260867
2018-02-05 13,6968.732744792874
2018-02-05 14,6721.666868134528
2018-02-05 15,7000.344243728504
2018-02-05 16,7133.199475413822
2018-02-05 17,7049.158546798718
2018-02-05 18,6831.336242092411
2018-02-05 19,6994.356585259022
2018-02-05 20,6660.6730100406085
2018-02-05 21,6472.04312776847
2018-02-05 22,6254.682124988566
2018-02-05 23,6142.614925482862
2018-02-06 00,6260.454217464433
2018-02-06 01,6182.879389180008
2018-02-06 02,6073.057372532446
2018-02-06 03,6073.6982973675695
2018-02-06 04,6510.014670100973
2018-02-06 05,6545.9314569154385
2018-02-06 06,6304.828301343493
2018-02-06 07,6553.884339927487
2018-02-06 08,6911.352295566503
2018-02-06 09,7068.164607687263
2018-02-06 10,7252.1810079702655
2018-02-06 11,7129.111790426798
2018-02-06 12,6922.245499153036
2018-02-06 13,7093.199670164458
2018-02-06 14,7359.288521377819
2018-02-06 15,7632.316396663638
2018-02-06 16,7753.758816503334
2018-02-06 17,7608.391582313544
2018-02-06 18,7729.566140505493
2018-02-06 19,7604.918386003172
2018-02-06 20,7650.974274198484
2018-02-06 21,7523.918175362415
2018-02-06 22,7313.219485977415
2018-02-06 23,7383.965034065169
2018-02-07 00,7461.962706325333
2018-02-07 01,7381.042846933069
2018-02-07 02,7556.379361129978
2018-02-07 03,7710.60232742451
2018-02-07 04,7894.54576294833
2018-02-07 05,8109.587699263231
2018-02-07 06,8233.924781362577
2018-02-07 07,8269.662558202279
2018-02-07 08,8494.685614195734
2018-02-07 09,8270.732944487949
2018-02-07 10,8220.483933405438
2018-02-07 11,8094.64151045693
2018-02-07 12,8228.140383359429
2018-02-07 13,8338.357017121896
2018-02-07 14,8178.377629917602
2018-02-07 15,8109.0129314620035
2018-02-07 16,8146.788020563945
2018-02-07 17,7917.913286861672
2018-02-07 18,7664.116328989789
2018-02-07 19,7723.131281715802
2018-02-07 20,7765.24983532434
2018-02-07 21,8018.495037140666
2018-02-07 22,8001.295033964948
2018-02-07 23,8141.252190165288
2018-02-08 00,8096.237215864301
2018-02-08 01,7962.1026189327
2018-02-08 02,8143.903671307934
2018-02-08 03,8267.003313763675
2018-02-08 04,8221.45664232411
2018-02-08 05,8467.696361042013
2018-02-08 06,8486.93110030899
2018-02-08 07,8489.771648599588
2018-02-08 08,8509.79273864404
2018-02-08 09,8415.094930193944
2018-02-08 10,8337.719390647015
2018-02-08 11,8230.493307458999
2018-02-08 12,8199.16749774698
2018-02-08 13,8139.356216875956
2018-02-08 14,8319.683073432545
2018-02-08 15,8354.026493331516
2018-02-08 16,8220.329741386151
2018-02-08 17,8199.756447613157
2018-02-08 18,8199.215234475221
2018-02-08 19,8011.432744502071
2018-02-08 20,7880.238507811983
2018-02-08 21,7992.008139592727
2018-02-08 22,8006.15744691305
2018-02-08 23,7914.805549568165
2018-02-09 00,7836.6896265389905
2018-02-09 01,7912.316448640459
2018-02-09 02,7999.888871606762
2018-02-09 03,7958.614023399315
2018-02-09 04,8206.264492664206
2018-02-09 05,8226.690152877929
2018-02-09 06,8270.421182235594
2018-02-09 07,8212.02144956214
2018-02-09 08,8239.612968044361
2018-02-09 09,8361.412044374774
2018-02-09 10,8355.337198932306
2018-02-09 11,8349.295457623917
2018-02-09 12,8542.505978779607
2018-02-09 13,8626.568498951954
2018-02-09 14,8658.763155458004
2018-02-09 15,8612.343372764495
2018-02-09 16,8536.65750337689
2018-02-09 17,8518.113322509815
2018-02-09 18,8636.390694859423
2018-02-09 19,8787.819408520587
2018-02-09 20,8868.167935260743
2018-02-09 21,8871.525400851317
2018-02-09 22,8947.862870729932
2018-02-09 23,8835.601462717434
2018-02-10 00,8858.509869110147
2018-02-10 01,8943.762750291466
2018-02-10 02,8976.802880587044
2018-02-10 03,8790.23093233404
2018-02-10 04,8719.398957401061
2018-02-10 05,8629.00207134946
2018-02-10 06,8659.69481284395
2018-02-10 07,8628.387029449746
2018-02-10 08,8750.44024365333
2018-02-10 09,8698.282797270163
2018-02-10 10,8454.7641365677
2018-02-10 11,8373.94890264545
2018-02-10 12,8429.915554851148
2018-02-10 13,8385.090517551756
2018-02-10 14,8372.220871996204
2018-02-10 15,8320.83486547454
2018-02-10 16,8241.229323726691
2018-02-10 17,8462.006352609133
2018-02-10 18,8530.850107586197
2018-02-10 19,8413.76208655614
2018-02-10 20,8274.103813809154
2018-02-10 21,8261.758500036269
2018-02-10 22,8120.381476233595
2018-02-10 23,8094.692084288349
2018-02-11 00,8062.138420721552
2018-02-11 01,8039.7795153867755
2018-02-11 02,7988.796725884123
2018-02-11 03,7893.76698050225
2018-02-11 04,7981.957802596562
2018-02-11 05,8070.823169738899
2018-02-11 06,8072.7917111711795
2018-02-11 07,8258.039062994858
2018-02-11 08,8290.01127160639
2018-02-11 09,8337.100834433457
2018-02-11 10,8389.912286456367
2018-02-11 11,8368.489289217561
2018-02-11 12,8251.591996044332
2018-02-11 13,8255.397924068171
2018-02-11 14,8329.429565315488
2018-02-11 15,8249.847721570259
2018-02-11 16,8288.321535710684
2018-02-11 17,8297.651124678156
2018-02-11 18,8126.822832516339
2018-02-11 19,8174.469855686561
2018-02-11 20,8318.24593933843
2018-02-11 21,8425.799341813485
2018-02-11 22,8488.579454127463
2018-02-11 23,8490.329305509882
2018-02-12 00,8407.023096121837
2018-02-12 01,8411.997555550848
2018-02-12 02,8460.343631967044
2018-02-12 03,8690.562064473987
2018-02-12 04,8759.049222729913
2018-02-12 05,8791.356215405167
2018-02-12 06,8722.13960033951
2018-02-12 07,8714.87397743023
2018-02-12 08,8719.757214511006
2018-02-12 09,8591.160416872259
2018-02-12 10,8612.345822048117
2018-02-12 11,8692.243864529737
2018-02-12 12,8692.44183217374
2018-02-12 13,8682.450077382982
2018-02-12 14,8710.504459364602
2018-02-12 15,8831.796198328248
2018-02-12 16,8811.75551732315
2018-02-12 17,8794.164416178273
2018-02-12 18,8909.765669909126
2018-02-12 19,8877.400105758072
2018-02-12 20,8806.499611393936
2018-02-12 21,8704.074318085613
2018-02-12 22,8737.395230666816
2018-02-12 23,8643.931665757083
2018-02-13 00,8610.68487302875
2018-02-13 01,8635.909062667302
2018-02-13 02,8706.358318580487
2018-02-13 03,8533.747335066897
2018-02-13 04,8453.042897145166
2018-02-13 05,8462.433846760789
2018-02-13 06,8513.858017387176
2018-02-13 07,8550.823996369794
2018-02-13 08,8590.521296250836
2018-02-13 09,8623.361176459255
2018-02-13 10,8541.472096563664
2018-02-13 11,8535.75661494005
2018-02-13 12,8595.630475929742
2018-02-13 13,8636.274224980083
2018-02-13 14,8595.430706450741
2018-02-13 15,8689.8584275986
2018-02-13 16,8645.106059964179
2018-02-13 17,8544.53858341852
2018-02-13 18,8519.894216288107
2018-02-13 19,8566.81628803458
2018-02-13 20,8630.81467889545
2018-02-13 21,8691.638277595219
2018-02-13 22,8675.206687619564
2018-02-13 23,8784.558649375818
2018-02-14 00,8794.746517855872
2018-02-14 01,8821.856244748526
2018-02-14 02,8840.286188338572
2018-02-14 03,8856.144108001316
2018-02-14 04,8817.952254354903
2018-02-14 05,8809.790154769034
2018-02-14 06,8831.176995553076
2018-02-14 07,9135.258502842104
2018-02-14 08,9241.947313064848
2018-02-14 09,9198.559215918054
2018-02-14 10,9260.045667395354
2018-02-14 11,9321.95923306122
2018-02-14 12,9282.614458330834
2018-02-14 13,9324.559578000984
2018-02-14 14,9247.70630214657
2018-02-14 15,9272.39623622193
2018-02-14 16,9282.55556462638
2018-02-14 17,9361.846162619548
2018-02-14 18,9443.758575200492
2018-02-14 19,9426.674393248739
2018-02-14 20,9405.716785964947
2018-02-14 21,9530.112450826939
2018-02-14 22,9661.908142307748
2018-02-14 23,9700.565599501244
2018-02-15 00,9702.174013363783
2018-02-15 01,9730.702199678746
2018-02-15 02,9753.607756918134
2018-02-15 03,9847.831760425954
2018-02-15 04,9830.33185888584
2018-02-15 05,9603.854816091978
2018-02-15 06,9656.565668945568
2018-02-15 07,9685.178411132509
2018-02-15 08,9697.545381868847
2018-02-15 09,9803.085188518999
2018-02-15 10,9845.22391392133
2018-02-15 11,9853.21539317968
2018-02-15 12,10009.376749705058
2018-02-15 13,10137.395144241147
2018-02-15 14,10126.48044300849
2018-02-15 15,10068.676434344952
2018-02-15 16,9976.699184317624
2018-02-15 17,9991.930211700885
2018-02-15 18,10104.948150673845
2018-02-15 19,10110.453807586255
2018-02-15 20,10211.901526148427
2018-02-15 21,10217.984519361995
2018-02-15 22,10145.00656851368
2018-02-15 23,10035.968492155273
2018-02-16 00,10076.041259976193
2018-02-16 01,9999.110356523463
2018-02-16 02,9872.353593404043
2018-02-16 03,9870.550259819669
2018-02-16 04,9930.588563173065
2018-02-16 05,9837.723256839505
2018-02-16 06,9780.812443751167
2018-02-16 07,9837.408658280025
2018-02-16 08,9910.66326518203
2018-02-16 09,9987.89375436606
2018-02-16 10,10071.711893751566
2018-02-16 11,10097.769578178459
2018-02-16 12,10077.774287223208
2018-02-16 13,9964.92619142962
2018-02-16 14,9982.73907803633
2018-02-16 15,10006.71743892857
2018-02-16 16,10074.859157462975
2018-02-16 17,10138.447214035397
2018-02-16 18,10177.78218571997
2018-02-16 19,10118.026166932656
2018-02-16 20,10244.458694223164
2018-02-16 21,10398.17877668061
2018-02-16 22,10423.704876046448
2018-02-16 23,10541.285573421543
2018-02-17 00,10537.967741313454
2018-02-17 01,10680.282942345244
2018-02-17 02,10703.553838789756
2018-02-17 03,10812.010671941944
2018-02-17 04,10791.5486276807
2018-02-17 05,10711.170644378948
2018-02-17 06,10742.415952763991
2018-02-17 07,10842.095958856158
2018-02-17 08,10771.343464051635
2018-02-17 09,10660.163355161061
2018-02-17 10,10719.241632964073
2018-02-17 11,10801.705621851586
2018-02-17 12,10839.468277712149
2018-02-17 13,10790.543993615614
2018-02-17 14,10769.076352429967
2018-02-17 15,10746.698254255427
2018-02-17 16,10832.16352737132
2018-02-17 17,10899.35608127477
2018-02-17 18,11073.720905550952
2018-02-17 19,11079.811758616843
2018-02-17 20,11208.637285492992
2018-02-17 21,11244.800159588984
2018-02-17 22,11030.773070119529
2018-02-17 23,10927.396953668009
2018-02-18 00,10686.863490624455
2018-02-18 01,10565.93213048598
2018-02-18 02,10556.318850156908
2018-02-18 03,10495.62355348349
2018-02-18 04,10329.983871767055
2018-02-18 05,10392.915226860296
2018-02-18 06,10558.825510195868
2018-02-18 07,10549.27123355808
2018-02-18 08,10760.967110719745
2018-02-18 09,10778.818353117993
2018-02-18 10,10793.482471368035
2018-02-18 11,10578.100290343931
2018-02-18 12,10680.811698161653
2018-02-18 13,10708.879179115967
2018-02-18 14,10787.663361676941
2018-02-18 15,10800.098655988315
2018-02-18 16,10723.986567501754
2018-02-18 17,10674.393593799745
2018-02-18 18,10459.47873017388
2018-02-18 19,10395.180061256837
2018-02-18 20,10543.38198205508
2018-02-18 21,10547.52073952977
2018-02-18 22,10582.41280893568
2018-02-18 23,10554.347650256826
2018-02-19 00,10462.139686927105
2018-02-19 01,10485.641832746622
2018-02-19 02,10711.560475292636
2018-02-19 03,10790.232402580172
2018-02-19 04,10810.833350515712
2018-02-19 05,10956.859235526123
2018-02-19 06,10916.517205507254
2018-02-19 07,10932.47607428987
2018-02-19 08,10900.707847556396
2018-02-19 09,10952.430500288237
2018-02-19 10,11109.181717305748
2018-02-19 11,11185.438678409291
2018-02-19 12,11009.017412837087
2018-02-19 13,11026.932122247317
2018-02-19 14,11126.098989173075
2018-02-19 15,11144.551952775537
2018-02-19 16,11116.13016980645
2018-02-19 17,11107.355101225641
2018-02-19 18,11121.789151287103
2018-02-19 19,11338.968233584583
2018-02-19 20,11436.27205175323
2018-02-19 21,11439.126621177911
2018-02-19 22,11391.326255507647
2018-02-19 23,11461.800683072517
2018-02-20 00,11432.873836929266
2018-02-20 01,11467.969331003127
2018-02-20 02,11560.496174338083
2018-02-20 03,11436.406406415945
2018-02-20 04,11286.910055734757
2018-02-20 05,11370.266425394377
2018-02-20 06,11388.353277136834
2018-02-20 07,11474.139829383712
2018-02-20 08,11526.302941214082
2018-02-20 09,11532.306554944309
2018-02-20 10,11456.891211205984
2018-02-20 11,11589.655824992324
2018-02-20 12,11664.098579430067
2018-02-20 13,11682.288840018706
2018-02-20 14,11627.781755368364
2018-02-20 15,11696.78330515856
2018-02-20 16,11711.468291873029
2018-02-20 17,11549.326889063177
2018-02-20 18,11264.342809827865
2018-02-20 19,11006.363246699913
2018-02-20 20,11162.073848398588
2018-02-20 21,11020.046110810925
2018-02-20 22,11033.209682113302
2018-02-20 23,10774.317888419468
2018-02-21 00,10816.173454028198
2018-02-21 01,10954.203473563775
2018-02-21 02,11069.44322292571
2018-02-21 03,11036.279842350563
2018-02-21 04,11093.018109289906
2018-02-21 05,10981.949579737426
2018-02-21 06,11012.960760903437
2018-02-21 07,11014.997575757308
2018-02-21 08,10926.074333649369
2018-02-21 09,10604.977939654644
2018-02-21 10,10543.281526165363
2018-02-21 11,10481.688127986255
2018-02-21 12,10476.579798020142
2018-02-21 13,10599.190147792218
2018-02-21 14,10470.811729657891
2018-02-21 15,10335.315169463918
2018-02-21 16,10362.746896199755
2018-02-21 17,10370.685198310079
2018-02-21 18,10473.630600977864
2018-02-21 19,10402.850889793617
2018-02-21 20,10569.431112751507
2018-02-21 21,10702.726140775978
2018-02-21 22,10727.892695350207
2018-02-21 23,10692.040084808254
2018-02-22 00,10806.28400158187
2018-02-22 01,10855.982433898587
2018-02-22 02,10701.3490645037
2018-02-22 03,10590.421367946554
2018-02-22 04,10460.401496001567
2018-02-22 05,10191.737853599638
2018-02-22 06,10246.088845554821
2018-02-22 07,10098.869186279127
2018-02-22 08,9883.274967587826
2018-02-22 09,9920.254383056812
2018-02-22 10,10012.82443734457
2018-02-22 11,10010.53053256095
2018-02-22 12,9839.205768415213
2018-02-22 13,9888.507319547869
2018-02-22 14,9945.815221458499
2018-02-22 15,10028.743049502616
2018-02-22 16,9971.559550125136
2018-02-22 17,9901.005414814907
2018-02-22 18,9894.0940448856
2018-02-22 19,9698.557143875982
2018-02-22 20,9644.771397485705
2018-02-22 21,9727.025442214714
2018-02-22 22,9723.287003836187
2018-02-22 23,9860.527470634219
2018-02-23 00,9917.094003443102
2018-02-23 01,9773.196907101543
2018-02-23 02,9850.330406475985
2018-02-23 03,9908.558385979173
2018-02-23 04,10014.872901486884
2018-02-23 05,10074.917829294141
2018-02-23 06,10123.7400418675
2018-02-23 07,10188.533950080815
2018-02-23 08,10200.500365257116
2018-02-23 09,10335.450879786322
2018-02-23 10,10318.031584732837
2018-02-23 11,10182.0705175709
2018-02-23 12,10098.7660051884
2018-02-23 13,10180.674412859154
2018-02-23 14,10102.883683661736
2018-02-23 15,9945.403802689496
2018-02-23 16,9971.429920741395
2018-02-23 17,10024.157038948515
2018-02-23 18,10146.26305178343
2018-02-23 19,10256.40065789054
2018-02-23 20,10285.733769055914
2018-02-23 21,10409.69577817991
2018-02-23 22,10358.573638924541
2018-02-23 23,10445.648993002289
2018-02-24 00,10420.155451641123
2018-02-24 01,10299.555873221087
2018-02-24 02,10056.96066993496
2018-02-24 03,10051.548810324102
2018-02-24 04,10105.081117409401
2018-02-24 05,9792.187607273718
2018-02-24 06,9760.62323784199
2018-02-24 07,9805.822469898012
2018-02-24 08,9710.45162966061
2018-02-24 09,9784.367694886922
2018-02-24 10,9789.654906884907
2018-02-24 11,9743.614898033007
2018-02-24 12,9721.311341252525
2018-02-24 13,9662.522131843209
2018-02-24 14,9616.597064013276
2018-02-24 15,9453.733729014011
2018-02-24 16,9483.71353873414
2018-02-24 17,9610.785903530963
2018-02-24 18,9679.368426632784
2018-02-24 19,9625.409214375097
2018-02-24 20,9725.146498273773
2018-02-24 21,9707.623837537982
2018-02-24 22,9573.99241070487
2018-02-24 23,9693.311420432447
2018-02-25 00,9699.917451206127
2018-02-25 01,9804.362658398019
2018-02-25 02,9792.764787683667
2018-02-25 03,9710.296890896281
2018-02-25 04,9595.706652443476
2018-02-25 05,9631.500208066767
2018-02-25 06,9676.264180260283
2018-02-25 07,9585.231869082665
2018-02-25 08,9496.505591721992
2018-02-25 09,9471.814556464751
2018-02-25 10,9370.004197911421
2018-02-25 11,9431.530741689881
2018-02-25 12,9400.225730010354
2018-02-25 13,9383.379321668113
2018-02-25 14,9493.874201178238
2018-02-25 15,9557.562000139476
2018-02-25 16,9584.097043563406
2018-02-25 17,9601.151937873401
2018-02-25 18,9619.846745688292
2018-02-25 19,9589.890489489102
2018-02-25 20,9665.247582250951
2018-02-25 21,9726.970931805701
2018-02-25 22,9666.848915352846
2018-02-25 23,9628.559249799962
2018-02-26 00,9624.411966009056
2018-02-26 01,9540.762155855848
2018-02-26 02,9466.713212999524
2018-02-26 03,9434.68931876888
2018-02-26 04,9503.403799937474
2018-02-26 05,9616.064098524832
2018-02-26 06,9715.491790656988
2018-02-26 07,9724.829872550075
2018-02-26 08,10113.941951746334
2018-02-26 09,10221.696276039827
2018-02-26 10,10203.716175242005
2018-02-26 11,10270.881069495195
2018-02-26 12,10158.456391134348
2018-02-26 13,10207.306059096241
2018-02-26 14,10235.613547712981
2018-02-26 15,10208.755788091581
2018-02-26 16,10359.283300097717
2018-02-26 17,10362.26274659593
2018-02-26 18,10312.111999593757
2018-02-26 19,10340.219273121702
2018-02-26 20,10256.988601404331
2018-02-26 21,10185.288066075744
2018-02-26 22,10232.529693795435
2018-02-26 23,10297.681298475158
2018-02-27 00,10277.00641583371
2018-02-27 01,10292.32967582804
2018-02-27 02,10416.997446627622
2018-02-27 03,10660.151768291955
2018-02-27 04,10693.006426490285
2018-02-27 05,10664.666651164662
2018-02-27 06,10682.87814317473
2018-02-27 07,10686.154811309732
2018-02-27 08,10747.63289056469
2018-02-27 09,10718.919819049346
2018-02-27 10,10556.988547054458
2018-02-27 11,10601.097088841783
2018-02-27 12,10591.070760989081
2018-02-27 13,10602.12942359491
2018-02-27 14,10673.512116522328
2018-02-27 15,10665.56643047659
2018-02-27 16,10701.627264260285
2018-02-27 17,10735.324763616947
2018-02-27 18,10658.509860081163
2018-02-27 19,10600.460337549877
2018-02-27 20,10663.832474416298
2018-02-27 21,10708.725545447085
2018-02-27 22,10851.768619894512
2018-02-27 23,10923.639630740272
2018-02-28 00,10923.24475447457
2018-02-28 01,10916.08274896419
2018-02-28 02,10739.943391393648
2018-02-28 03,10684.576497481172
2018-02-28 04,10547.998105796762
2018-02-28 05,10572.237666877685
2018-02-28 06,10579.64557977355
2018-02-28 07,10487.34546098247
2018-02-28 08,10454.799612494533
2018-02-28 09,10498.23705309289
2018-02-28 10,10522.600961758833
2018-02-28 11,10456.657584955357
2018-02-28 12,10443.302896409492
2018-02-28 13,10491.558408728577
2018-02-28 14,10501.654138342255
2018-02-28 15,10617.147849845742
2018-02-28 16,10626.841142068757
2018-02-28 17,10494.03228814019
2018-02-28 18,10326.53770484018
2018-02-28 19,10306.575832045828
2018-02-28 20,10347.611575874067
2018-02-28 21,10354.102101538438
2018-02-28 22,10346.891136161274
2018-02-28 23,10398.932625561441
2018-03-01 00,10395.940535128815
2018-03-01 01,10367.469203916964
2018-03-01 02,10472.04831719248
2018-03-01 03,10592.824331744228
2018-03-01 04,10587.979748390133
2018-03-01 05,10659.426399636595
2018-03-01 06,10682.422648726695
2018-03-01 07,10657.8582163457
2018-03-01 08,10708.039922754462
2018-03-01 09,10760.18334768001
2018-03-01 10,10697.591581949418
2018-03-01 11,10722.232923262749
2018-03-01 12,10759.832039054345
2018-03-01 13,10864.832686955551
2018-03-01 14,10890.584893899255
2018-03-01 15,10961.928461915548
2018-03-01 16,10975.425953847216
2018-03-01 17,10856.93864023088
2018-03-01 18,10924.578703804502
2018-03-01 19,10990.378595349033
2018-03-01 20,11074.31859255697
2018-03-01 21,11090.71353080756
2018-03-01 22,11075.772492033127
2018-03-01 23,11044.531022540044
2018-03-02 00,10968.277988652619
2018-03-02 01,11056.357528102626
2018-03-02 02,11076.780789558294
2018-03-02 03,11084.75384091887
2018-03-02 04,10972.35724333279
2018-03-02 05,10883.655523089023
2018-03-02 06,10889.071393274378
2018-03-02 07,10957.64546975918
2018-03-02 08,10983.081672017683
2018-03-02 09,10850.48828522388
2018-03-02 10,10835.196496088001
2018-03-02 11,10822.93782060494
2018-03-02 12,10864.148755990305
2018-03-02 13,10889.063514353016
2018-03-02 14,10880.9168831848
2018-03-02 15,10992.10535904465
2018-03-02 16,11013.551852791441
2018-03-02 17,11036.082144612576
2018-03-02 18,11029.511922355785
2018-03-02 19,11044.6379234002
2018-03-02 20,11148.424390820026
2018-03-02 21,11253.907979034902
2018-03-02 22,11281.1135436436
2018-03-02 23,11321.484142889974
2018-03-03 00,11298.64259548372
2018-03-03 01,11330.21212349357
2018-03-03 02,11313.204603525557
2018-03-03 03,11272.943540675291
2018-03-03 04,11296.75870196823
2018-03-03 05,11309.59404027643
2018-03-03 06,11299.066322061826
2018-03-03 07,11349.845382346084
2018-03-03 08,11428.28603203487
2018-03-03 09,11413.602143703572
2018-03-03 10,11424.65902938232
2018-03-03 11,11449.38303455919
2018-03-03 12,11449.024243216238
2018-03-03 13,11466.582792652107
2018-03-03 14,11460.945596758214
2018-03-03 15,11329.649648625
2018-03-03 16,11297.780131064354
2018-03-03 17,11314.52881534382
2018-03-03 18,11409.626869623859
2018-03-03 19,11391.490339661657
2018-03-03 20,11380.05147079542
2018-03-03 21,11311.536582162591
2018-03-03 22,11195.70831914793
2018-03-03 23,11175.294603132827
2018-03-04 00,11185.938635640543
2018-03-04 01,11166.762724080781
2018-03-04 02,11104.293779385496
2018-03-04 03,11169.391868685296
2018-03-04 04,11214.58830725732
2018-03-04 05,11174.668652489074
2018-03-04 06,11136.038354265891
2018-03-04 07,11169.453071992988
2018-03-04 08,11189.850138727505
2018-03-04 09,11144.147301095423
2018-03-04 10,11109.17978804185
2018-03-04 11,11143.670076848548
2018-03-04 12,11132.169702439398
2018-03-04 13,11261.885258633554
2018-03-04 14,11354.412872304909
2018-03-04 15,11402.187282928315
2018-03-04 16,11414.915657159201
2018-03-04 17,11376.602710726445
2018-03-04 18,11438.647330160109
2018-03-04 19,11431.78298132864
2018-03-04 20,11435.193457457744
2018-03-04 21,11466.981800886177
2018-03-04 22,11519.678804318
2018-03-04 23,11556.097942541559
2018-03-05 00,11499.917244909891
2018-03-05 01,11520.58991594955
2018-03-05 02,11513.12333916948
2018-03-05 03,11469.76912854392
2018-03-05 04,11444.392649447156
2018-03-05 05,11431.632956599455
2018-03-05 06,11467.666065108984
2018-03-05 07,11519.071728321658
2018-03-05 08,11492.585810115985
2018-03-05 09,11471.723952601202
2018-03-05 10,11475.881331832277
2018-03-05 11,11511.700750549824
2018-03-05 12,11500.811444332503
2018-03-05 13,11556.299872742411
2018-03-05 14,11629.259651413693
2018-03-05 15,11611.987696306454
2018-03-05 16,11550.023947052117
2018-03-05 17,11568.68218965843
2018-03-05 18,11547.12918029503
2018-03-05 19,11339.294461012196
2018-03-05 20,11250.33355223921
2018-03-05 21,11253.265818081538
2018-03-05 22,11223.693959179383
2018-03-05 23,11288.987157301144
2018-03-06 00,11287.68384333724
2018-03-06 01,11297.651059146641
2018-03-06 02,11258.594312746543
2018-03-06 03,11267.82523759775
2018-03-06 04,11264.579866756989
2018-03-06 05,11026.537745391772
2018-03-06 06,10924.051508621305
2018-03-06 07,10917.620664558459
2018-03-06 08,10861.448923661108
2018-03-06 09,10914.120440627003
2018-03-06 10,10991.45838910303
2018-03-06 11,10942.090843675149
2018-03-06 12,10824.343174925889
2018-03-06 13,10801.609705973555
2018-03-06 14,10654.115633161153
2018-03-06 15,10639.551520286868
2018-03-06 16,10742.293866981423
2018-03-06 17,10764.52170279549
2018-03-06 18,10667.442165620476
2018-03-06 19,10813.867519370642
2018-03-06 20,10840.330955526544
2018-03-06 21,10811.230598965314
2018-03-06 22,10725.343852050544
2018-03-06 23,10749.54749108644
2018-03-07 00,10733.729124647998
2018-03-07 01,10583.368011414963
2018-03-07 02,10493.913363783071
2018-03-07 03,10566.640243799839
2018-03-07 04,10487.725469763778
2018-03-07 05,10516.910360525428
2018-03-07 06,10563.469874436732
2018-03-07 07,10619.68755315957
2018-03-07 08,10587.601734611
2018-03-07 09,10592.944997635923
2018-03-07 10,10650.76585660402
2018-03-07 11,10234.183284770146
2018-03-07 12,9758.491183553511
2018-03-07 13,9809.786968816028
2018-03-07 14,9731.132906775158
2018-03-07 15,9786.467584954456
2018-03-07 16,9916.272684674357
2018-03-07 17,10053.438909557743
2018-03-07 18,9912.1103198619
2018-03-07 19,9970.30638342229
2018-03-07 20,9931.019262143323
2018-03-07 21,9692.67212732972
2018-03-07 22,9652.939431448624
2018-03-07 23,9689.508423496882
2018-03-08 00,9783.26353911319
2018-03-08 01,9797.492284154927
2018-03-08 02,9899.574886519722
2018-03-08 03,9916.233270016082
2018-03-08 04,10031.73595065145
2018-03-08 05,10007.68994934728
2018-03-08 06,9991.211906445938
2018-03-08 07,9846.543567087274
2018-03-08 08,9803.571291909531
2018-03-08 09,9837.458531363984
2018-03-08 10,9884.8269273251
2018-03-08 11,9688.504865741454
2018-03-08 12,9271.442924352232
2018-03-08 13,9315.335835239763
2018-03-08 14,9330.774502404813
2018-03-08 15,9335.790625933296
2018-03-08 16,9415.236747679712
2018-03-08 17,9323.178004304064
2018-03-08 18,9331.12093920097
2018-03-08 19,9376.065584148886
2018-03-08 20,9186.3534277735
2018-03-08 21,9008.139048003299
2018-03-08 22,8992.678601606722
2018-03-08 23,8729.759041031704
2018-03-09 00,8643.35752116714
2018-03-09 01,8608.19861771892
2018-03-09 02,8789.848157522832
2018-03-09 03,8736.303158915089
2018-03-09 04,8602.003040516165
2018-03-09 05,8646.869235349815
2018-03-09 06,8803.43982215915
2018-03-09 07,8963.594809554812
2018-03-09 08,8934.690718333602
2018-03-09 09,9082.277876040593
2018-03-09 10,9022.20864511389
2018-03-09 11,8832.787576981333
2018-03-09 12,8783.817663023583
2018-03-09 13,8866.344950565666
2018-03-09 14,8756.824206723357
2018-03-09 15,8845.03287667761
2018-03-09 16,9058.766520877574
2018-03-09 17,9103.041847106311
2018-03-09 18,9268.577441727359
2018-03-09 19,9296.601513726086
2018-03-09 20,9365.58205838817
2018-03-09 21,9299.230224925985
2018-03-09 22,9218.824863267995
2018-03-09 23,9299.866140898292
2018-03-10 00,9320.153738828913
2018-03-10 01,9465.193139810717
2018-03-10 02,9420.157642503078
2018-03-10 03,9386.528227278313
2018-03-10 04,9300.435778478382
2018-03-10 05,9274.844937179963
2018-03-10 06,9347.92007096563
2018-03-10 07,9325.8272259139
2018-03-10 08,9311.619170281814
2018-03-10 09,9433.966248872914
2018-03-10 10,9428.324638400489
2018-03-10 11,9387.497111558205
2018-03-10 12,9275.438396937063
2018-03-10 13,9075.564770143377
2018-03-10 14,9071.556456079392
2018-03-10 15,8952.341872724044
2018-03-10 16,8833.210492275983
2018-03-10 17,8811.70490000839
2018-03-10 18,8805.742368125178
2018-03-10 19,8615.709634061812
2018-03-10 20,8639.553086435853
2018-03-10 21,8667.83207593543
2018-03-10 22,8639.032376649671
2018-03-10 23,8681.772095445454
2018-03-11 00,8740.915521552308
2018-03-11 01,8829.907854022475
2018-03-11 03,8770.542990955346
2018-03-11 04,8764.427097444928
2018-03-11 05,8722.238788983726
2018-03-11 06,8675.875488215399
2018-03-11 07,8830.262376830313
2018-03-11 08,9164.660996277
2018-03-11 09,9254.463674847178
2018-03-11 10,9224.716714648148
2018-03-11 11,9162.1309814856
2018-03-11 12,9212.464644145408
2018-03-11 13,9459.842351120558
2018-03-11 14,9612.340200042616
2018-03-11 15,9619.894459030022
2018-03-11 16,9544.985901259137
2018-03-11 17,9598.15818845923
2018-03-11 18,9634.11218665025
2018-03-11 19,9501.383529712342
2018-03-11 20,9593.539718247801
2018-03-11 21,9598.370543738805
2018-03-11 22,9562.762804523793
2018-03-11 23,9463.744946291798
2018-03-12 00,9493.274447694095
2018-03-12 01,9567.49447256607
2018-03-12 02,9605.16351448544
2018-03-12 03,9584.001158107718
2018-03-12 04,9544.088747880653
2018-03-12 05,9708.519545651765
2018-03-12 06,9826.960387233024
2018-03-12 07,9801.992925788814
2018-03-12 08,9792.004816194492
2018-03-12 09,9759.882883739405
2018-03-12 10,9477.55493882648
2018-03-12 11,9257.457886672017
2018-03-12 12,9153.520253612907
2018-03-12 13,9179.518007065333
2018-03-12 14,9198.826994327432
2018-03-12 15,8989.158870261015
2018-03-12 16,8927.509202303005
2018-03-12 17,9021.282647345093
2018-03-12 18,9101.831755748275
2018-03-12 19,9145.76566366336
2018-03-12 20,9170.87145017089
2018-03-12 21,9184.248589711047
2018-03-12 22,9131.723535113542
2018-03-12 23,9037.681687297794
2018-03-13 00,9312.738092399353
2018-03-13 01,9374.371955209315
2018-03-13 02,9402.573870238448
2018-03-13 03,9221.279205571844
2018-03-13 04,9158.117216848597
2018-03-13 05,9276.10264067123
2018-03-13 06,9100.899996602237
2018-03-13 07,8998.113872478129
2018-03-13 08,8967.202543494544
2018-03-13 09,9127.399329618214
2018-03-13 10,9101.110313546684
2018-03-13 11,9044.060657336837
2018-03-13 12,9144.753268640865
2018-03-13 13,9181.323529094307
2018-03-13 14,9117.06904837336
2018-03-13 15,9088.110710923858
2018-03-13 16,9093.421232676668
2018-03-13 17,9088.764374119537
2018-03-13 18,9157.075484216388
2018-03-13 19,9162.865673402908
2018-03-13 20,9243.29203467899
2018-03-13 21,9283.11995187277
2018-03-13 22,9253.153269916676
2018-03-13 23,9256.946106346919
2018-03-14 00,9116.010453524419
2018-03-14 01,9122.890387102403
2018-03-14 02,9145.155118977464
2018-03-14 03,9125.473845717179
2018-03-14 04,9098.912979219916
2018-03-14 05,8970.944151757565
2018-03-14 06,8780.209446387054
2018-03-14 07,8709.29801139237
2018-03-14 08,8679.317051937367
2018-03-14 09,8647.037871211865
2018-03-14 10,8724.707599996127
2018-03-14 11,8708.873969544216
2018-03-14 12,8544.867219170254
2018-03-14 13,8348.823618777828
2018-03-14 14,8274.279425746818
2018-03-14 15,8320.801528974345
2018-03-14 16,8285.764954134975
2018-03-14 17,8087.707639306903
2018-03-14 18,8187.277483372377
2018-03-14 19,8232.193359290435
2018-03-14 20,8156.34615946801
2018-03-14 21,8126.459194454343
2018-03-14 22,7910.127468930485
2018-03-14 23,7902.132666824921
2018-03-15 00,7891.833922215581
2018-03-15 01,7812.662747802708
2018-03-15 02,7764.550179427278
2018-03-15 03,7904.948413448326
2018-03-15 04,7994.840574974831
2018-03-15 05,8202.799329258853
2018-03-15 06,8169.089562338708
2018-03-15 07,8189.507203757857
2018-03-15 08,8189.455669813836
2018-03-15 09,8260.33149536863
2018-03-15 10,8332.341643236823
2018-03-15 11,8061.047769536619
2018-03-15 12,8058.541671124707
2018-03-15 13,8169.869066772959
2018-03-15 14,8143.194264150916
2018-03-15 15,8224.197611574087
2018-03-15 16,8244.073701771653
2018-03-15 17,8242.366941712142
2018-03-15 18,8317.105347567143
2018-03-15 19,8279.807977746406
2018-03-15 20,8209.137737429783
2018-03-15 21,8018.549886136138
2018-03-15 22,8044.359372815173
2018-03-15 23,8082.099087143784
2018-03-16 00,8141.279061523147
2018-03-16 01,8206.36694556
2018-03-16 02,8214.785238723909
2018-03-16 03,8237.181337872302
2018-03-16 04,8223.502697889142
2018-03-16 05,8150.057814792585
2018-03-16 06,8132.417154098614
2018-03-16 07,8144.919687761478
2018-03-16 08,8192.838828847083
2018-03-16 09,8400.60066693789
2018-03-16 10,8482.345576919399
2018-03-16 11,8516.766405772201
2018-03-16 12,8532.49436106687
2018-03-16 13,8523.983007537558
2018-03-16 14,8503.758073501684
2018-03-16 15,8539.5387664844
2018-03-16 16,8534.632307469537
2018-03-16 17,8503.514046512068
2018-03-16 18,8507.582780475546
2018-03-16 19,8386.9390880194
2018-03-16 20,8274.41883537442
2018-03-16 21,8181.152733124671
2018-03-16 22,8159.278321983077
2018-03-16 23,8203.144025983156
2018-03-17 00,8167.698976097311
2018-03-17 01,8174.89927737955
2018-03-17 02,8160.116027949805
2018-03-17 03,8202.912042133275
2018-03-17 04,8228.65790816361
2018-03-17 05,8289.772944009446
2018-03-17 06,8252.983349403663
2018-03-17 07,8278.644200180226
2018-03-17 08,8077.602926571164
2018-03-17 09,8008.2726770856725
2018-03-17 10,8009.598448714465
2018-03-17 11,7908.15623398295
2018-03-17 12,7912.319887771763
2018-03-17 13,7936.696469859996
2018-03-17 14,7909.832108463055
2018-03-17 15,7797.541106380674
2018-03-17 16,7805.158634237868
2018-03-17 17,7965.900634030764
2018-03-17 18,8003.126015681645
2018-03-17 19,7906.824685692062
2018-03-17 20,7794.836314712819
2018-03-17 21,7762.973037298355
2018-03-17 22,7616.044387008942
2018-03-17 23,7665.049269104137
2018-03-18 00,7648.2172874506605
2018-03-18 01,7627.181628668817
2018-03-18 02,7706.507906900551
2018-03-18 03,7714.0186144495865
2018-03-18 04,7746.099573449719
2018-03-18 05,7718.911728371404
2018-03-18 06,7633.936193107911
2018-03-18 07,7681.430076524938
2018-03-18 08,7758.2719839912525
2018-03-18 09,7613.538747088524
2018-03-18 10,7420.052010544583
2018-03-18 11,7421.274393538592
2018-03-18 12,7375.295470522828
2018-03-18 13,7428.992827608945
2018-03-18 14,7512.662498119075
2018-03-18 15,7449.565863859222
2018-03-18 16,7550.020642524826
2018-03-18 17,7958.862101487557
2018-03-18 18,8138.445326725658
2018-03-18 19,8190.800157684981
2018-03-18 20,8365.682921268291
2018-03-18 21,8200.266768026597
2018-03-18 22,8231.996956483295
2018-03-18 23,8185.155699162942
2018-03-19 00,8195.63326825026
2018-03-19 01,8275.41486853871
2018-03-19 02,8300.471743055856
2018-03-19 03,8295.354387394002
2018-03-19 04,8341.174917746746
2018-03-19 05,8238.670894209623
2018-03-19 06,8182.0889862483355
2018-03-19 07,8286.566576048195
2018-03-19 08,8288.293035867726
2018-03-19 09,8411.171176197087
2018-03-19 10,8606.779850983981
2018-03-19 11,8561.233018485704
2018-03-19 12,8565.302765667597
2018-03-19 13,8330.753918451535
2018-03-19 14,8358.296781431673
2018-03-19 15,8372.468166503502
2018-03-19 16,8421.38593742771
2018-03-19 17,8424.013977892564
2018-03-19 18,8447.512046979078
2018-03-19 19,8520.648257258383
2018-03-19 20,8500.798758212779
2018-03-19 21,8485.357896210146
2018-03-19 22,8526.212404408869
2018-03-19 23,8588.684372619244
2018-03-20 00,8525.504074312556
2018-03-20 01,8440.148565801186
2018-03-20 02,8484.090853559757
2018-03-20 03,8455.68278374013
2018-03-20 04,8378.788014874459
2018-03-20 05,8400.541049770816
2018-03-20 06,8464.231040333205
2018-03-20 07,8507.811005782714
2018-03-20 08,8520.992718141337
2018-03-20 09,8518.21829143886
2018-03-20 10,8489.581075015492
2018-03-20 11,8539.686040208047
2018-03-20 12,8747.392838029888
2018-03-20 13,8821.848555193323
2018-03-20 14,8834.377730427663
2018-03-20 15,8892.052615772784
2018-03-20 16,8963.696075728994
2018-03-20 17,8940.692732856585
2018-03-20 18,8952.58383638705
2018-03-20 19,8899.10867163242
2018-03-20 20,8908.084686128532
2018-03-20 21,8952.421377525028
2018-03-20 22,8962.621156914616
2018-03-20 23,8981.17866827179
2018-03-21 00,9079.188867197761
2018-03-21 01,9089.25386532453
2018-03-21 02,9054.697744140221
2018-03-21 03,9013.057780936495
2018-03-21 04,8947.797514750615
2018-03-21 05,9015.738794739673
2018-03-21 06,9069.769889807414
2018-03-21 07,9088.894909275166
2018-03-21 08,9049.064471879547
2018-03-21 09,9044.051381157733
2018-03-21 10,9049.989715161975
2018-03-21 11,9119.996006341466
2018-03-21 12,8914.710074144512
2018-03-21 13,8825.104146696633
2018-03-21 14,8875.512103766629
2018-03-21 15,8910.666060844642
2018-03-21 16,8885.59732813534
2018-03-21 17,8918.257964348359
2018-03-21 18,8895.474870394757
2018-03-21 19,8866.675358583805
2018-03-21 20,8939.582310685968
2018-03-21 21,9028.542351596043
2018-03-21 22,9045.912040011968
2018-03-21 23,9033.170712559144
2018-03-22 00,9003.735074001495
2018-03-22 01,9020.01243117343
2018-03-22 02,9018.559034502825
2018-03-22 03,8962.577895626076
2018-03-22 04,8980.759097084418
2018-03-22 05,8836.585289124887
2018-03-22 06,8716.131097074673
2018-03-22 07,8699.255881126677
2018-03-22 08,8718.43175725947
2018-03-22 09,8663.389634775414
2018-03-22 10,8571.346226007285
2018-03-22 11,8561.975479454095
2018-03-22 12,8617.141208250783
2018-03-22 13,8614.002416487632
2018-03-22 14,8653.238856717331
2018-03-22 15,8620.99817775299
2018-03-22 16,8590.195916173832
2018-03-22 17,8586.193491035316
2018-03-22 18,8667.370179839765
2018-03-22 19,8722.776257844685
2018-03-22 20,8688.003911554406
2018-03-22 21,8609.71196383299
2018-03-22 22,8456.273330216436
2018-03-22 23,8399.09972015639
2018-03-23 00,8426.567860277099
2018-03-23 01,8384.498063464647
2018-03-23 02,8402.238039830658
2018-03-23 03,8394.432559307565
2018-03-23 04,8468.944478965419
2018-03-23 05,8496.979515684163
2018-03-23 06,8466.842911717647
2018-03-23 07,8473.441042585937
2018-03-23 08,8417.706271333525
2018-03-23 09,8326.307035602897
2018-03-23 10,8490.838332926849
2018-03-23 11,8615.266480488579
2018-03-23 12,8613.406714332395
2018-03-23 13,8626.133815846366
2018-03-23 14,8641.26618549378
2018-03-23 15,8610.177630413478
2018-03-23 16,8594.016543523107
2018-03-23 17,8635.573618019409
2018-03-23 18,8658.825737687428
2018-03-23 19,8752.003795656674
2018-03-23 20,8909.776980092085
2018-03-23 21,8880.031937987816
2018-03-23 22,8860.28631531417
2018-03-23 23,8878.091698265274
2018-03-24 00,8901.070533112481
2018-03-24 01,8905.254334222513
2018-03-24 02,8875.371819565817
2018-03-24 03,8918.348669615545
2018-03-24 04,8889.698734803374
2018-03-24 05,8887.775219345758
2018-03-24 06,8772.257120902112
2018-03-24 07,8755.024078429686
2018-03-24 08,8766.828950880961
2018-03-24 09,8865.521316630344
2018-03-24 10,8914.274969528264
2018-03-24 11,8946.4803276064
2018-03-24 12,8926.355240957731
2018-03-24 13,8886.69967844761
2018-03-24 14,8898.584913973114
2018-03-24 15,8916.613555379645
2018-03-24 16,8935.362780841644
2018-03-24 17,8742.260433522448
2018-03-24 18,8638.70999391119
2018-03-24 19,8609.829516689504
2018-03-24 20,8524.308708198396
2018-03-24 21,8547.448673890662
2018-03-24 22,8525.544451582942
2018-03-24 23,8511.807427532445
2018-03-25 00,8527.803022134069
2018-03-25 01,8556.310944054369
2018-03-25 02,8537.382288098746
2018-03-25 03,8460.39503093475
2018-03-25 04,8532.794091939862
2018-03-25 05,8521.861903954878
2018-03-25 06,8480.507308665981
2018-03-25 07,8418.9225832003
2018-03-25 08,8463.91106603195
2018-03-25 09,8517.37873655904
2018-03-25 10,8568.491070046344
2018-03-25 11,8509.430794800992
2018-03-25 12,8527.73652037234
2018-03-25 13,8527.386143171068
2018-03-25 14,8607.908409681695
2018-03-25 15,8623.660426865692
2018-03-25 16,8577.56717276114
2018-03-25 17,8610.306519665603
2018-03-25 18,8549.282264220445
2018-03-25 19,8432.598761604106
2018-03-25 20,8448.303043499605
2018-03-25 21,8411.797728538031
2018-03-25 22,8420.671503612239
2018-03-25 23,8444.219659325618
2018-03-26 00,8455.263888687645
2018-03-26 01,8456.862343146873
2018-03-26 02,8446.102884419162
2018-03-26 03,8414.685305030436
2018-03-26 04,8408.19619481756
2018-03-26 05,8314.83866061754
2018-03-26 06,8291.570823722768
2018-03-26 07,8130.738880623449
2018-03-26 08,8096.8085680039185
2018-03-26 09,8111.866357413158
2018-03-26 10,8069.881544592826
2018-03-26 11,8089.760457186275
2018-03-26 12,8076.229440424386
2018-03-26 13,7936.642865527148
2018-03-26 14,7911.6513459807375
2018-03-26 15,7919.848309949824
2018-03-26 16,7906.213851404385
2018-03-26 17,7888.506775994901
2018-03-26 18,8135.137128906242
2018-03-26 19,8184.000658840217
2018-03-26 20,8177.120838493469
2018-03-26 21,8159.930413214678
2018-03-26 22,7919.304302045463
2018-03-26 23,7865.2634607871505
2018-03-27 00,7837.153633627421
2018-03-27 01,7840.4002660480555
2018-03-27 02,7958.958034872854
2018-03-27 03,7922.441908277314
2018-03-27 04,7939.412619639025
2018-03-27 05,7930.471830936494
2018-03-27 06,7968.221675065211
2018-03-27 07,7934.366590340502
2018-03-27 08,7939.916027509206
2018-03-27 09,8007.670692752672
2018-03-27 10,8065.554303183934
2018-03-27 11,8077.529348001159
2018-03-27 12,8089.764369130787
2018-03-27 13,7993.4365258689295
2018-03-27 14,7892.228614794729
2018-03-27 15,7883.460179634469
2018-03-27 16,7930.576223150024
2018-03-27 17,7993.391818160097
2018-03-27 18,7947.902729615128
2018-03-27 19,7859.023953293179
2018-03-27 20,7788.90525721969
2018-03-27 21,7811.064423611475
2018-03-27 22,7805.69045785901
2018-03-27 23,7851.544102867317
2018-03-28 00,7843.4267304849855
2018-03-28 01,7846.097656079851
2018-03-28 02,7876.513461050712
2018-03-28 03,7899.530515645401
2018-03-28 04,7885.882349587927
2018-03-28 05,8011.751134041941
2018-03-28 06,8054.783455569524
2018-03-28 07,8044.970104879611
2018-03-28 08,8017.646431122863
2018-03-28 09,8020.960203687236
2018-03-28 10,7924.298841086893
2018-03-28 11,7885.10881481541
2018-03-28 12,7888.187553868314
2018-03-28 13,7898.490920076202
2018-03-28 14,7910.718281659571
2018-03-28 15,7921.196722428519
2018-03-28 16,7910.28629109373
2018-03-28 17,7884.80492788253
2018-03-28 18,7957.582558680113
2018-03-28 19,7937.59691420649
2018-03-28 20,7929.27670560675
2018-03-28 21,7927.546244723537
2018-03-28 22,7888.399653433464
2018-03-28 23,7863.782424773682
2018-03-29 00,7697.657947667904
2018-03-29 01,7612.352090668837
2018-03-29 02,7588.917659662341
2018-03-29 03,7552.592879654791
2018-03-29 04,7529.417656007301
2018-03-29 05,7524.43782629448
2018-03-29 06,7492.2231288221155
2018-03-29 07,7467.507505247717
2018-03-29 08,7503.120213199504
2018-03-29 09,7488.593656951786
2018-03-29 10,7384.569627769038
2018-03-29 11,7406.187727537943
2018-03-29 12,7508.351347105744
2018-03-29 13,7468.434526851962
2018-03-29 14,7428.587283950929
2018-03-29 15,7401.74063376258
2018-03-29 16,7237.182258916082
2018-03-29 17,7092.31854339817
2018-03-29 18,7180.088848231222
2018-03-29 19,7124.943558296073
2018-03-29 20,6934.694716021561
2018-03-29 21,6778.0773635368505
2018-03-29 22,6835.0557500761315
2018-03-29 23,6865.564369789187
2018-03-30 00,6711.6521984674355
2018-03-30 01,6942.472184997698
2018-03-30 02,7095.871787330648
2018-03-30 03,7106.35706371678
2018-03-30 04,7197.41538909161
2018-03-30 05,7094.59300908491
2018-03-30 06,7009.32719656018
2018-03-30 07,6961.4778410996205
2018-03-30 08,6984.270441563569
2018-03-30 09,6932.460849417942
2018-03-30 10,6875.7818363804845
2018-03-30 11,6736.46754647986
2018-03-30 12,6708.8518001500315
2018-03-30 13,6665.827200521922
2018-03-30 14,6710.954679638584
2018-03-30 15,6804.340358754913
2018-03-30 16,6832.6796526276285
2018-03-30 17,6893.006013246915
2018-03-30 18,6831.277161208881
2018-03-30 19,6831.071345746529
2018-03-30 20,6975.404138892988
2018-03-30 21,7045.095691820098
2018-03-30 22,7062.767825906351
2018-03-30 23,7010.957095217422
2018-03-31 00,7023.831212502673
2018-03-31 01,6951.376492440931
2018-03-31 02,6870.237778543187
2018-03-31 03,6822.477132122416
2018-03-31 04,6897.267450587487
2018-03-31 05,6934.6186727388185
2018-03-31 06,7072.963330483662
2018-03-31 07,7089.76208165142
2018-03-31 08,7141.158728986608
2018-03-31 09,7099.615634247245
2018-03-31 10,7026.171155918382
2018-03-31 11,7042.390355406467
2018-03-31 12,7125.530366531977
2018-03-31 13,7107.416978578422
2018-03-31 14,7093.848433844739
2018-03-31 15,7039.591306102006
2018-03-31 16,6958.784488160908
2018-03-31 17,6917.515185139387
2018-03-31 18,6943.875228724141
2018-03-31 19,6927.839666710603
2018-03-31 20,7001.513381674428
2018-03-31 21,7012.2650072473525
2018-03-31 22,6970.144819035106
2018-03-31 23,6939.619922992123
2018-04-01 00,6955.489138062113
2018-04-01 01,6945.939729852366
2018-04-01 02,6865.612332562304
2018-04-01 03,6757.1166830855655
2018-04-01 04,6725.863086743762
2018-04-01 05,6683.6187086770315
2018-04-01 06,6703.6844156412435
2018-04-01 07,6698.8030177245555
2018-04-01 08,6718.869706665818
2018-04-01 09,6616.106235872524
2018-04-01 10,6515.903441724455
2018-04-01 11,6497.412125882887
2018-04-01 12,6739.1278883879795
2018-04-01 13,6823.857619303002
2018-04-01 14,6802.935114990876
2018-04-01 15,6917.086884450114
2018-04-01 16,6911.3567035320475
2018-04-01 17,6860.671963451329
2018-04-01 18,6796.989027542335
2018-04-01 19,6800.286842072642
2018-04-01 20,6902.068185668537
2018-04-01 21,6971.827911772945
2018-04-01 22,6949.564874785675
2018-04-01 23,6971.319922361853
2018-04-02 00,6953.167521097604
2018-04-02 01,6887.114169596827
2018-04-02 02,6910.555193887939
2018-04-02 03,6970.174981425829
2018-04-02 04,7050.764537044288
2018-04-02 05,7050.387225609138
2018-04-02 06,7041.156658599897
2018-04-02 07,7068.944536770891
2018-04-02 08,7014.774365975774
2018-04-02 09,7017.098921214668
2018-04-02 10,6942.606853343572
2018-04-02 11,6986.9459255219435
2018-04-02 12,7013.356590175324
2018-04-02 13,6983.750097725689
2018-04-02 14,6969.690793038647
2018-04-02 15,6979.518102176083
2018-04-02 16,6929.552618329466
2018-04-02 17,6963.820799197242
2018-04-02 18,7017.739946363113
2018-04-02 19,7033.106779855819
2018-04-02 20,7058.7747199708365
2018-04-02 21,7034.329064309243
2018-04-02 22,7085.5309085404715
2018-04-02 23,7175.929456454278
2018-04-03 00,7294.060340787517
2018-04-03 01,7338.875848958251
2018-04-03 02,7346.9973932044995
2018-04-03 03,7363.404578220343
2018-04-03 04,7377.844675706707
2018-04-03 05,7364.089035443159
2018-04-03 06,7332.559288703303
2018-04-03 07,7323.387449153496
2018-04-03 08,7346.598866578538
2018-04-03 09,7379.567136116157
2018-04-03 10,7327.174401013798
2018-04-03 11,7377.04220432767
2018-04-03 12,7404.10596168406
2018-04-03 13,7389.555239121596
2018-04-03 14,7458.626144733193
2018-04-03 15,7477.484701430774
2018-04-03 16,7442.95884524451
2018-04-03 17,7405.858883884655
2018-04-03 18,7394.542885585171
2018-04-03 19,7416.389886584866
2018-04-03 20,7406.604709296288
2018-04-03 21,7353.633696133291
2018-04-03 22,7298.669325130502
2018-04-03 23,7300.712915753293
2018-04-04 00,7289.713735406451
2018-04-04 01,7352.434813435334
2018-04-04 02,7353.120709043946
2018-04-04 03,7352.140366121975
2018-04-04 04,7316.440507510939
2018-04-04 05,7152.5239742597405
2018-04-04 06,7084.870020245144
2018-04-04 07,7048.312388565879
2018-04-04 08,7052.769270848208
2018-04-04 09,7082.393795131247
2018-04-04 10,6899.255186413995
2018-04-04 11,6862.316605718899
2018-04-04 12,6850.300337422594
2018-04-04 13,6853.578194426734
2018-04-04 14,6788.043512006937
2018-04-04 15,6826.088972949764
2018-04-04 16,6875.296675140542
2018-04-04 17,6806.292474115637
2018-04-04 18,6773.1361121501795
2018-04-04 19,6767.463629192368
2018-04-04 20,6763.035444557511
2018-04-04 21,6632.361297444066
2018-04-04 22,6620.796851748099
2018-04-04 23,6661.783042891278
2018-04-05 00,6799.739988853983
2018-04-05 01,6796.338766210119
2018-04-05 02,6793.65728476145
2018-04-05 03,6775.971287078672
2018-04-05 04,6846.067977577942
2018-04-05 05,6860.644377958476
2018-04-05 06,6796.9968150124205
2018-04-05 07,6798.047794860268
2018-04-05 08,6690.6921346542
2018-04-05 09,6723.778850826697
2018-04-05 10,6845.527039237991
2018-04-05 11,6740.81052502448
2018-04-05 12,6715.128145892529
2018-04-05 13,6732.677773625811
2018-04-05 14,6721.717328510197
2018-04-05 15,6749.679669012575
2018-04-05 16,6760.060981045345
2018-04-05 17,6720.4960740948145
2018-04-05 18,6778.314092134558
2018-04-05 19,6806.60337130895
2018-04-05 20,6807.737739167625
2018-04-05 21,6793.094359611251
2018-04-05 22,6776.4779639165
2018-04-05 23,6762.6707155089225
2018-04-06 00,6787.172303151351
2018-04-06 01,6800.957565811829
2018-04-06 02,6603.070743413165
2018-04-06 03,6589.29796097529
2018-04-06 04,6601.242761329195
2018-04-06 05,6588.024620422316
2018-04-06 06,6582.0099940437685
2018-04-06 07,6606.05758153038
2018-04-06 08,6590.630868202415
2018-04-06 09,6599.984235915041
2018-04-06 10,6613.866693227157
2018-04-06 11,6595.973894470316
2018-04-06 12,6604.35946362325
2018-04-06 13,6609.552240668615
2018-04-06 14,6609.75329850375
2018-04-06 15,6603.76041149742
2018-04-06 16,6608.121186714143
2018-04-06 17,6615.633038469497
2018-04-06 18,6606.354755531772
2018-04-06 19,6598.520433549797
2018-04-06 20,6619.139843890275
2018-04-06 21,6808.324123497427
2018-04-06 22,6836.997131151121
2018-04-06 23,6835.2025495735925
2018-04-07 00,6841.817499923317
2018-04-07 01,6846.740837292581
2018-04-07 02,6858.597120961481
2018-04-07 03,6853.1484710893765
2018-04-07 04,6882.42490058751
2018-04-07 05,6855.343900883423
2018-04-07 06,6861.555573094973
2018-04-07 07,6858.369610235951
2018-04-07 08,6867.762884077235
2018-04-07 09,6839.1180878252035
2018-04-07 10,6854.814809625008
2018-04-07 11,6939.389145367458
2018-04-07 12,7030.51375488362
2018-04-07 13,7007.594256575624
2018-04-07 14,6989.678481626883
2018-04-07 15,6983.258532121642
2018-04-07 16,6993.9362308710515
2018-04-07 17,6978.7615806423655
2018-04-07 18,6959.327297159472
2018-04-07 19,6893.475893848202
2018-04-07 20,6944.764059673042
2018-04-07 21,6940.637680687797
2018-04-07 22,6940.461757645676
2018-04-07 23,6943.764025463078
2018-04-08 00,6973.948316407789
2018-04-08 01,6957.853443060241
2018-04-08 02,6926.064351694978
2018-04-08 03,6939.986460462722
2018-04-08 04,6946.838006835334
2018-04-08 05,6975.6438562665635
2018-04-08 06,6989.97408352702
2018-04-08 07,7014.959480721862
2018-04-08 08,7080.918879661486
2018-04-08 09,7059.248022087138
2018-04-08 10,7051.071594331946
2018-04-08 11,7046.114986306576
2018-04-08 12,7001.086543287122
2018-04-08 13,6977.686111579074
2018-04-08 14,6989.431784691313
2018-04-08 15,6991.789944422498
2018-04-08 16,6969.689983811123
2018-04-08 17,6969.402818429465
2018-04-08 18,7025.496014990512
2018-04-08 19,7010.900931529059
2018-04-08 20,7058.73389603087
2018-04-08 21,7099.969687847663
2018-04-08 22,7139.065580372897
2018-04-08 23,7097.264966243077
2018-04-09 00,7125.645980831432
2018-04-09 01,7120.115736192855
2018-04-09 02,7106.228098028977
2018-04-09 03,7124.17616758594
2018-04-09 04,7145.317080484691
2018-04-09 05,7117.532695506808
2018-04-09 06,6869.364328057215
2018-04-09 07,6749.899448171798
2018-04-09 08,6745.517835469685
2018-04-09 09,6744.198094336002
2018-04-09 10,6715.028551157286
2018-04-09 11,6738.4125235069905
2018-04-09 12,6732.009905659958
2018-04-09 13,6734.672762140523
2018-04-09 14,6745.072905447704
2018-04-09 15,6702.789825562737
2018-04-09 16,6650.534182021573
2018-04-09 17,6695.303249509464
2018-04-09 18,6700.207462033443
2018-04-09 19,6729.366462238628
2018-04-09 20,6769.379732038902
2018-04-09 21,6737.145417966491
2018-04-09 22,6746.579128180273
2018-04-09 23,6760.8110270754905
2018-04-10 00,6774.594465550798
2018-04-10 01,6749.220683350212
2018-04-10 02,6740.622928499586
2018-04-10 03,6724.243393034367
2018-04-10 04,6710.59816236265
2018-04-10 05,6743.912598842878
2018-04-10 06,6731.249910303624
2018-04-10 07,6728.633942957313
2018-04-10 08,6739.941466649633
2018-04-10 09,6754.835110580541
2018-04-10 10,6749.086171711964
2018-04-10 11,6824.292337662147
2018-04-10 12,6823.302619675713
2018-04-10 13,6848.304615526928
2018-04-10 14,6844.319877863144
2018-04-10 15,6838.892573139475
2018-04-10 16,6827.817541702504
2018-04-10 17,6840.853578493178
2018-04-10 18,6834.649569034814
2018-04-10 19,6807.992195163176
2018-04-10 20,6836.955210094113
2018-04-10 21,6833.569002167813
2018-04-10 22,6843.126671023026
2018-04-10 23,6825.607292065678
2018-04-11 00,6820.393162266125
2018-04-11 01,6849.074828718488
2018-04-11 02,6825.006559770926
2018-04-11 03,6844.150826674511
2018-04-11 04,6849.291246895144
2018-04-11 05,6854.985344013757
2018-04-11 06,6845.949646141352
2018-04-11 07,6846.760706987702
2018-04-11 08,6852.83642206581
2018-04-11 09,6921.1338938280915
2018-04-11 10,6944.737949466502
2018-04-11 11,6927.3597370520165
2018-04-11 12,6920.897827950238
2018-04-11 13,6904.280871262448
2018-04-11 14,6901.832124740396
2018-04-11 15,6906.987134849009
2018-04-11 16,6902.264706007522
2018-04-11 17,6891.277925821107
2018-04-11 18,6910.5530137574
2018-04-11 19,6940.660715000005
2018-04-11 20,6938.739808846175
2018-04-11 21,6914.055788784607
2018-04-11 22,6929.489653142386
2018-04-11 23,6939.382537585364
2018-04-12 00,6941.295212810577
2018-04-12 01,6943.999945446281
2018-04-12 02,6899.176652807367
2018-04-12 03,6810.443421031232
2018-04-12 04,6829.63552198249
2018-04-12 05,6833.289327651785
2018-04-12 06,6883.65874969434
2018-04-12 07,7603.6174717111535
2018-04-12 08,7702.553056795324
2018-04-12 09,7691.942081220841
2018-04-12 10,7673.652951584071
2018-04-12 11,7619.9031290252415
2018-04-12 12,7599.81705204329
2018-04-12 13,7693.712436432607
2018-04-12 14,7675.3007071949305
2018-04-12 15,7693.094109926523
2018-04-12 16,7708.364882453025
2018-04-12 17,7805.831612277958
2018-04-12 18,7808.8953029036165
2018-04-12 19,7892.941715060062
2018-04-12 20,7919.405017098515
2018-04-12 21,7831.6077820068385
2018-04-12 22,7837.959852966524
2018-04-12 23,7858.584883057337
2018-04-13 00,7817.143074570259
2018-04-13 01,7799.5283967844825
2018-04-13 02,7826.794152574004
2018-04-13 03,7966.471410780381
2018-04-13 04,8088.857076488942
2018-04-13 05,8106.802690316883
2018-04-13 06,8064.774692528544
2018-04-13 07,8106.202947623989
2018-04-13 08,8151.610159032863
2018-04-13 09,8147.077321985265
2018-04-13 10,8089.373008581182
2018-04-13 11,8102.483791909708
2018-04-13 12,8124.98952543722
2018-04-13 13,8114.576410965773
2018-04-13 14,8105.612125316972
2018-04-13 15,8092.005553554811
2018-04-13 16,7971.348748138398
2018-04-13 17,7879.244033159225
2018-04-13 18,7830.452625978606
2018-04-13 19,7917.381264366106
2018-04-13 20,7875.390834501521
2018-04-13 21,7997.571016098223
2018-04-13 22,8037.651576626347
2018-04-13 23,8019.892842778945
2018-04-14 00,8007.8990174270175
2018-04-14 01,8000.0975094160785
2018-04-14 02,7989.856539585773
2018-04-14 03,8091.640988972697
2018-04-14 04,8119.151087656475
2018-04-14 05,8060.040735920394
2018-04-14 06,7994.15339961028
2018-04-14 07,7981.588245271297
2018-04-14 08,7929.604198706272
2018-04-14 09,7937.43058436436
2018-04-14 10,7954.869646853366
2018-04-14 11,7981.079125515142
2018-04-14 12,7965.998052061869
2018-04-14 13,7978.537137158961
2018-04-14 14,7985.980939896683
2018-04-14 15,8021.670813936973
2018-04-14 16,8053.329667993329
2018-04-14 17,8066.269188544452
2018-04-14 18,8062.2395227736
2018-04-14 19,8017.320533933142
2018-04-14 20,8078.352587618466
2018-04-14 21,8085.522459008545
2018-04-14 22,8100.564631352085
2018-04-14 23,8088.905626145084
2018-04-15 00,8108.281513594286
2018-04-15 01,8102.379567591109
2018-04-15 02,8117.214006891556
2018-04-15 03,8097.41823878412
2018-04-15 04,8109.467018552656
2018-04-15 05,8107.707315822748
2018-04-15 06,8121.37202169115
2018-04-15 07,8329.364904559814
2018-04-15 08,8332.757678612792
2018-04-15 09,8347.632733728666
2018-04-15 10,8345.979054671423
2018-04-15 11,8297.54969259979
2018-04-15 12,8289.577149591798
2018-04-15 13,8285.800663043832
2018-04-15 14,8309.72100758943
2018-04-15 15,8303.653519618092
2018-04-15 16,8305.699568459106
2018-04-15 17,8296.148160105266
2018-04-15 18,8323.158910231372
2018-04-15 19,8338.00114123073
2018-04-15 20,8372.688114294522
2018-04-15 21,8369.513389416941
2018-04-15 22,8176.613187538025
2018-04-15 23,8156.817772101763
2018-04-16 00,8142.71528134405
2018-04-16 01,8071.290719613717
2018-04-16 02,8059.835568763416
2018-04-16 03,8090.947649707951
2018-04-16 04,8113.19000221501
2018-04-16 05,8090.339167038929
2018-04-16 06,8094.791957782809
2018-04-16 07,8074.707449861585
2018-04-16 08,8017.882993417408
2018-04-16 09,7937.4945675632625
2018-04-16 10,7963.436204033208
2018-04-16 11,7976.11648179745
2018-04-16 12,7956.500904112932
2018-04-16 13,8011.728406121299
2018-04-16 14,8024.202180733215
2018-04-16 15,8017.221322402128
2018-04-16 16,7975.491164785408
2018-04-16 17,8004.166873774461
2018-04-16 18,8003.738183187705
2018-04-16 19,8046.365385700324
2018-04-16 20,8039.028544099462
2018-04-16 21,8044.295983917138
2018-04-16 22,8008.623427421459
2018-04-16 23,8021.577875006774
2018-04-17 00,8008.953448897086
2018-04-17 01,7995.339814201446
2018-04-17 02,7997.088675681137
2018-04-17 03,8112.325560384991
2018-04-17 04,8135.849128405326
2018-04-17 05,8136.8562866178545
2018-04-17 06,8102.532850457535
2018-04-17 07,8105.073621244251
2018-04-17 08,8124.931381475904
2018-04-17 09,8095.817873295279
2018-04-17 10,8101.222106452032
2018-04-17 11,8094.3750354265
2018-04-17 12,8101.815301528041
2018-04-17 13,8105.576215964161
2018-04-17 14,8048.20642903858
2018-04-17 15,7885.5739181816025
2018-04-17 16,7892.25975643003
2018-04-17 17,7913.657121496773
2018-04-17 18,7893.835063739195
2018-04-17 19,7886.257194834159
2018-04-17 20,7911.943038965488
2018-04-17 21,7929.580824776319
2018-04-17 22,7934.303388120304
2018-04-17 23,7922.950201430354
2018-04-18 00,7922.39571501813
2018-04-18 01,7925.746061672374
2018-04-18 02,7985.83547721533
2018-04-18 03,8115.249051173555
2018-04-18 04,8096.309369861462
2018-04-18 05,8095.366457969469
2018-04-18 06,8094.576697161451
2018-04-18 07,8094.152499059051
2018-04-18 08,8097.176154344609
2018-04-18 09,8091.634126495074
2018-04-18 10,8074.179251697441
2018-04-18 11,7988.03720711552
2018-04-18 12,8055.143962871811
2018-04-18 13,8111.12758905037
2018-04-18 14,8106.162668286471
2018-04-18 15,8107.313917710139
2018-04-18 16,8170.854282146086
2018-04-18 17,8184.646770989906
2018-04-18 18,8172.300828120034
2018-04-18 19,8162.081418876818
2018-04-18 20,8141.487686338287
2018-04-18 21,8159.453952348185
2018-04-18 22,8194.224521024213
2018-04-18 23,8184.80138092077
2018-04-19 00,8166.418509969361
2018-04-19 01,8175.8372067278215
2018-04-19 02,8181.430844512211
2018-04-19 03,8172.311527097621
2018-04-19 04,8178.51093202692
2018-04-19 05,8209.055208769747
2018-04-19 06,8223.99933771575
2018-04-19 07,8211.425365739276
2018-04-19 08,8217.649973694482
2018-04-19 09,8228.39315740573
2018-04-19 10,8217.747595018376
2018-04-19 11,8220.321630684353
2018-04-19 12,8240.368984767703
2018-04-19 13,8257.242198284068
2018-04-19 14,8260.24591810972
2018-04-19 15,8252.3247674887
2018-04-19 16,8234.712543319381
2018-04-19 17,8248.042053734049
2018-04-19 18,8270.725233403991
